title,category,plot,actors,director,country
4K Lãng Quên - Oblivion,"['T16', 'Phim Âu Mỹ', 'Hành động & Phiêu lưu', 'Lãng Quên - Oblivion: Một người lính dày dặn được giao nhiệm vụ khai thác những tài nguyên còn lại của Trái đất bắt đầu hoài nghi về nhiệm vụ và sự tồn tại của mình.', 'Diễn viên:', 'Morgan Freeman', ',', 'Olga Kurylenko', 'Đạo diễn:', 'Joseph Kosinski', 'Quốc gia:', 'United States of America']",,"['Morgan Freeman', '', 'Olga Kurylenko']",['Joseph Kosinski'],['United States of America']
Đêm Ở Trường Học - Night School,"['T13', 'Phim Âu Mỹ', 'Phim tâm lý']","Đêm Ở Trường Học - Night School là một bộ phim hài kể về Teddy Walker, một người đàn ông thất nghiệp phải quay lại trường học để lấy bằng tốt nghiệp trung học sau khi mất việc. Anh tham gia một lớp học ban đêm với hy vọng cải thiện cuộc sống của mình, nhưng gặp phải nhiều tình huống dở khóc dở cười cùng với nhóm bạn học đầy cá tính và cô giáo cứng rắn Carrie. Bộ phim khắc họa hành trình vượt qua k... Xem thêm","['Kevin Hart', '', 'Taran Killam', '', 'Rob Riggle', '', 'Romany Malco', '', 'Tiffany Haddish']",['Malcolm D. Lee'],['United States of America']
Hành Trình Trở Về - Home,"['P', 'Phim Âu Mỹ', 'Phim hoạt hình']","Hành Trình Trở Về - Home là một bộ phim hoạt hình kể về cuộc gặp gỡ giữa một cô bé tên Tip và một người ngoài hành tinh ngộ nghĩnh tên Oh, thuộc chủng loài Boov đang tìm cách chiếm đóng Trái Đất. Khi Oh vô tình gây ra một sự cố khiến cả chủng loài của mình phải truy đuổi, anh và Tip cùng nhau phiêu lưu khắp nơi để tìm mẹ của Tip và bảo vệ Trái Đất. Trong quá trình đó, cả hai trở thành bạn bè và họ... Xem thêm","['Jennifer Lopez', '', 'Steve Martin', '', 'Brian Stepanek', '', 'Rihanna', '', 'Jim Parsons.', '', 'Matt Jones']",['Tim Johnson'],['United States of America']
Siêu Anh Hùng - Superwho,"['T13', 'Phim Âu Mỹ', 'Hành động & Phiêu lưu', 'Diễn viên hết thời Cedric dường như sẽ phải sống cuộc đời của một kẻ thất bại. Bị bạn gái bỏ rơi, ngay cả cha, em gái và những người bạn thân nhất cũng mất niềm tin vào khả năng làm bất cứ điều gì đáng giá của anh ấy. Cuối cùng, anh ấy nhận được một vai chính: siêu anh hùng “Badman” - một cơ hội để kéo mình ra khỏi vòng xoáy đi xuống vô tận và nhận được sự tôn trọng của gia đình. Nhưng Cedric gặp ...', 'Xem thêm', 'Diễn viên:', 'Julien Arruti', ',', 'Philippe Lacheau', ',', 'Tarek Boudali', 'Đạo diễn:', 'Philippe Lacheau', 'Quốc gia:', 'France']",,"['Julien Arruti', '', 'Philippe Lacheau', '', 'Tarek Boudali']",['Philippe Lacheau'],['France']
4K Sự Nổi Dậy Hoàn Hảo 3 - Pitch Perfect 3,"['T13', 'Phim Âu Mỹ', 'Romance', 'Sự Nổi Dậy Hoàn Hảo 3 - Pitch Perfect 3: Bộ phim là phần tiếp theo của series phim ""Những cô nàng cá tính"". Sau chiến thắng tại giải Vô địch Thế giới, nhóm Bellas đã tan rã và phát hiện ra rằng họ chẳng thể tìm được công việc nào bằng giọng ca của mình. Nhưng ngay khi có cơ hội tham gia tour diễn nước ngoài của tổ chức USO, nhóm nhạc của những cô nàng mọt sách cá tính sẽ lại tái hợp để lần cuối cù...', 'Xem thêm', 'Diễn viên:', 'Anna Kendrick', ',', 'Brittany Snow', ',', 'Rebel Wilson', ',', 'Hailee Steinfeld', ',', 'Anna Camp', ',', 'John Lithgow', 'Đạo diễn:', 'Trish Sie', 'Quốc gia:', 'United States of America']",,"['Anna Kendrick', '', 'Brittany Snow', '', 'Rebel Wilson', '', 'Hailee Steinfeld', '', 'Anna Camp', '', 'John Lithgow']",['Trish Sie'],['United States of America']
4K Hiệp Sĩ Chuột - The Tale Of Despereaux,"['K', 'Phim Âu Mỹ', 'Phim hoạt hình', 'Hiệp Sĩ Chuột - The Tale Of Despereaux kể về hành trình của Despereaux, một chú chuột nhỏ với đôi tai to và trái tim dũng cảm. Mặc dù bị xem là kẻ ngoài cuộc trong thế giới chuột vì không sợ hãi và có tình yêu đặc biệt với sách, Despereaux quyết định cứu công chúa Pea khi vương quốc của cô rơi vào bóng tối sau cái chết của nữ hoàng. Cùng với một con chuột chù bất mãn tên là Roscuro, và một cô bé h...', 'Xem thêm', 'Diễn viên:', 'Sigourney Weaver', ',', 'Stanley Tucci', ',', 'Tony Hale', ',', 'Kevin Kline', ',', 'Robbie Coltrane', 'Đạo diễn:', 'Sam Fell', ',', 'Robert Stevenhagen', 'Quốc gia:', 'United States of America']",,"['Sigourney Weaver', '', 'Stanley Tucci', '', 'Tony Hale', '', 'Kevin Kline', '', 'Robbie Coltrane']","['Sam Fell', '', 'Robert Stevenhagen']",['United States of America']
Đường Về Nhà Của Cún Con - A Dog'S Way Home,"['K', 'Phim Âu Mỹ', 'Cô cún Bella thực hiện cuộc phiêu lưu tìm về ngôi nhà thân quen, nơi cô lớn lên cùng cậu chủ đẹp trai của mình tại một nơi cách đó tận 600 ki-lô-mét. Trên cuộc hành trình của mình, Bella gặp rất nhiều người bạn mới và trải qua nhiều thử thách thú vị. Phim chuyển thể từ tiểu thuyết cùng tên nằm trong bộ ba loạt tiểu thuyết nổi tiếng lấy chủ đề về các chú chó.', 'Diễn viên:', 'Ashley Judd', ',', 'Edward James Olmos', ',', 'Jonah Hauer-King', 'Đạo diễn:', 'Charles Martin Smith', 'Quốc gia:', 'United States of America']",,"['Ashley Judd', '', 'Edward James Olmos', '', 'Jonah Hauer-King']",['Charles Martin Smith'],['United States of America']
Đội Trưởng Quần Chíp - Captain Underpants,"['P', 'Phim Âu Mỹ', 'Phim hoạt hình']","Đội Trưởng Quần Chíp - Captain Underpants: George và Harold, hai cậu nhóc lớp bốn lắm trò, thôi miên thầy hiệu trưởng nghiêm túc của chúng và khiến thầy nghĩ mình là siêu anh hùng mặc quần lót.","['Kevin Hart', '', 'Ed Helms', '', 'Thomas Middleditch']",['David Soren'],['United States of America']
4K Thuyết Yêu Thương - The Theory Of Everything,"['T13', 'Phim Âu Mỹ', 'Phim tâm lý', 'Thuyết Yêu Thương - The Theory Of Everything là bộ phim tiểu sử kể về cuộc đời của nhà vật lý thiên tài Stephen Hawking. Phim tập trung vào mối quan hệ giữa Stephen và người vợ đầu tiên, Jane, từ khi họ gặp nhau lúc còn là sinh viên tại Đại học Cambridge. Khi Stephen bị chẩn đoán mắc bệnh ALS (xơ cứng teo cơ), cơ thể dần bị tàn phá nhưng trí tuệ phi thường của ông vẫn tỏa sáng. Bộ phim khắc họa nh...', 'Xem thêm', 'Diễn viên:', 'Felicity Jones', ',', 'Eddie Redmayne', ',', 'Charlie Cox', ',', 'Emily Watson', ',', 'David Thewlis', 'Đạo diễn:', 'James Marsh', 'Quốc gia:', 'United States of America']",,"['Felicity Jones', '', 'Eddie Redmayne', '', 'Charlie Cox', '', 'Emily Watson', '', 'David Thewlis']",['James Marsh'],['United States of America']
Cảnh Sát Người Máy Chappie - Chappie,"['T16', 'Phim Âu Mỹ', 'Hành động & Phiêu lưu', 'Chappie xoay quanh câu chuyện về một chú robot của lực lượng cảnh sát Johannesburg, bị hỏng sau một trận đánh, Chappie được một nhà khoa học trẻ khôi phục lại và “thổi hồn” vào biến cậu thành khác biệt. Chappie có linh hồn, có tình cảm và có suy nghĩ như một con người. Ẩn trong vẻ ngoài lạnh lùng cứng nhắc của một robot cảnh sát, linh hồn Chappie non nớt và ngây thơ như một đứa trẻ. Và hơn bao giờ...', 'Xem thêm', 'Diễn viên:', 'Sharlto Copley', ',', 'Hugh Jackman', ',', 'Dev Patel', 'Đạo diễn:', 'Neill Blomkamp', 'Quốc gia:', 'United States of America']",,"['Sharlto Copley', '', 'Hugh Jackman', '', 'Dev Patel']",['Neill Blomkamp'],['United States of America']
Truy Bắt Sát Nhân - Misanthrope (To Catch The Killer),"['T13', 'Phim Âu Mỹ', 'Hành động & Phiêu lưu']",Truy Bắt Sát Nhân - Misanthrope (To Catch The Killer) kể về một sĩ quan cảnh sát tài năng nhưng đầy rắc rối được mời gia nhập điều tra viên chính của FBI để hỗ trợ xây dựng hồ sơ và theo dõi một cá nhân kinh hoàng đang gây sợ hãi cho thành phố.,['Shailenne Woodley'],['Damián Szifron'],['United States of America']
3000 Năm Khao Khát - Three Thousand Years Of Longing,"['T13', 'Phim Âu Mỹ', 'Phim tâm lý']","3000 Năm Khao Khát - Three Thousand Years Of Longing kể về tiến sĩ Alithea Binnie là một nhà học thuật - bằng lòng với cuộc sống và một sinh vật của lý trí. Khi ở Istanbul tham dự một hội nghị, cô tình cờ gặp một Djinn, người đã đưa ra ba điều ước của cô để đổi lấy sự tự do của anh ta.","['Idris Elba', '', 'Tilda Swinton']",['George Miller'],['United States of America']
Chôn Vùi - Burial,"['T13', 'Phim Âu Mỹ', 'Hành động & Phiêu lưu']","Chôn Vùi - Burial kể câu chuyện hư cấu về một nhóm nhỏ binh lính Nga được giao nhiệm vụ chuyển những phần còn lại của Hitler về cho Stalin ở Nga. Trên đường đi, đơn vị bị tấn công bởi các du kích ""Người sói"" của Đức và bị bắt từng người một. Một nữ sĩ quan tình báo gan dạ dẫn dắt những người đồng đội còn sống sót của mình trong tình huống cuối cùng để đảm bảo hàng hóa của họ không rơi vào tay nhữn... Xem thêm","['Naimh Amgar', '', 'Tom Felton']",['Ben Parker'],['United States of America']
Một Cách Vẹn Toàn - The Last Full Measure,"['T13', 'Phim Âu Mỹ', 'Hành động & Phiêu lưu', 'Phim tâm lý', 'Phiêu lưu - Hành động']","Một Cách Vẹn Toàn - The Last Full Measure kể về anh hùng chiến tranh Việt Nam William H. Pitsenbarger, một Pararescuemen của Không quân Hoa Kỳ (còn được gọi là một PJ), người đã cứu sống hơn sáu mươi người. Trong một nhiệm vụ giải cứu vào ngày 11 tháng 4 năm 1966, anh được trao cơ hội trốn thoát trên chiếc trực thăng cuối cùng ra khỏi khu vực chiến đấu dưới hỏa lực, nhưng anh ở lại để cứu và bảo v... Xem thêm","['Alison Sudol', '', 'Sebastian Stan']",['Todd Robinson'],['United States of America']
Giải Cứu - High Wire Act,"['T13', 'Phim Âu Mỹ', 'Hành động & Phiêu lưu', 'Phim tâm lý']",Giải Cứu - High Wire Act kể về về một nhà cựu ngoại giao Mỹ quay trở lại công việc cũ của mình để giải cứu cô bạn đồng nghiệp.,"['Rosamund Pike', '', 'Jon Hamm']",['BRAD ANDERSON'],['United States of America']
Cô Vợ Hờ - Just Go With It,"['T16', 'Phim Âu Mỹ']",Cô Vợ Hờ - Just Go With It là phiên bản làm lại của bộ phim Cô Dâu Bất Đắc Dĩ năm 1969. Bộ phim xoay quanh câu chuyện của Danny Maccabee - một bác sĩ thẩm mỹ độc thân và phóng túng. Danny đã tạo ra một câu chuyện giả về việc mình đã ly dị và có hai đứa con để thu hút phụ nữ.,"['Adam Sandler', '', 'Nick Swardson', '', 'Jennifer Aniston', '', 'Brooklyn Decker']",['Dennis Dugan'],['United States of America']
4K Gã Chằn Tinh Tốt Bụng 2 - Shrek 2,"['K', 'Phim Âu Mỹ', 'Phim hoạt hình', 'Gã Chằn Tinh Tốt Bụng 2 - Shrek 2 kể về việc sau khi tiêu diệt rồng lửa và lãnh chúa Farquaad, gã chằn tinh tốt bụng Shrek đã chiếm được tình cảm của Công chúa Fiona. Kết thúc tuần trăng mật, đôi uyên ương quyết định về thăm vương quốc của Fiona. Quá sửng sốt trước hình thù kì dị của con gái và phò mã, Quốc vương và Hoàng hậu đã ra sức phá hoại hôn nhân của hai người.', 'Diễn viên:', 'Cameron Diaz', ',', 'Eddie Murphy', ',', 'Mike Myers', ',', 'Julie Andrews', 'Đạo diễn:', 'Kelly Asbury', ',', 'Conrad Vernon', ',', 'Andrew Adamson', 'Quốc gia:', 'United States of America']",,"['Cameron Diaz', '', 'Eddie Murphy', '', 'Mike Myers', '', 'Julie Andrews']","['Kelly Asbury', '', 'Conrad Vernon', '', 'Andrew Adamson']",['United States of America']
Đã Đến Lúc - About Time,"['T13', 'Phim Âu Mỹ', 'Phim tâm lý']","Đã Đến Lúc - About Time kể về Tim Lake (do Domhnall Gleeson thủ vai), một chàng trai trẻ phát hiện ra rằng anh có khả năng du hành thời gian. Khi Tim tròn 21 tuổi, cha anh (do Bill Nighy thủ vai) tiết lộ bí mật rằng tất cả nam giới trong gia đình đều có khả năng này. Tim quyết định sử dụng khả năng đặc biệt của mình để cải thiện cuộc sống và tìm kiếm tình yêu đích thực.Tim gặp và yêu Mary (do Rach... Xem thêm","['Rachel McAdams', '', 'Margot Robbie', '', 'Bill Nighy', '', 'Tom Hollander']",['Richard Curtis'],['United States of America']
Người Thủ Lĩnh - Alpha,"['T13', 'Phim Âu Mỹ', 'Hành động & Phiêu lưu', 'Người Thủ Lĩnh lấy bối cảnh 20.000 năm trước, theo chân cậu bé tiền sử Keda, con trai tộc trưởng một bộ lạc, trong một lần đi săn thú lớn (săn bò rừng cổ đại) để có cái ăn cho bộ tộc, chàng trai trẻ đã bị con bò mộng đầu đàn húc rơi xuống vách đá. Khi tỉnh dậy, chỉ còn một thân một mình, anh chàng phải chiến đấu giành lại sự sống và trở về nhà theo dấu những vì sao được xăm trên bàn tay. Đồng hành...', 'Xem thêm', 'Diễn viên:', 'Kodi Smit-McPhee', ',', 'Jóhannes Haukur Jóhannesson', ',', 'Marcin Kowalczyk', 'Đạo diễn:', 'Albert Hughes', 'Quốc gia:', 'United States of America']",,"['Kodi Smit-McPhee', '', 'Jóhannes Haukur Jóhannesson', '', 'Marcin Kowalczyk']",['Albert Hughes'],['United States of America']
Người Nhện Siêu Đẳng - The Amazing Spider-Man,"['T13', 'Phim Âu Mỹ', 'Hành động & Phiêu lưu']",Người Nhện Siêu Đẳng - The Amazing Spider-Man là phiên bản làm lại của bộ phim siêu anh hùng nổi tiếng. Phim xoay quanh câu chuyện nam sinh cấp ba Peter Parker học cách sử dụng sức mạnh mới của mình để chiến đấu với tên đại ác nhân Thằn Lằn.,"['Rhys Ifans', '', 'Andrew Garfield', '', 'Denis Leary', '', 'Campbell Scott']",['Marc Webb'],['United States of America']
Tội Phạm Nhân Bản 2049 - Blade Runner 2049,"['Phim Âu Mỹ', 'Phim tâm lý']","Tội Phạm Nhân Bản 2049 - Blade Runner 2049 kể về K - một người nhân bản thế hệ mới nhất làm việc cho Cục cảnh sát Los Angeles. Trong một cuộc săn lùng tội phạm nhân bản bỏ trốn, K tình cờ phát hiện bí mật gây chấn động: Một người nhân bản từng có thai và qua đời khi sinh con. Cấp trên chỉ đạo anh phải tìm ra đưa bé và tiêu diệt nó để tránh hậu họa. Lần theo các manh mối, K tìm thấy Rick Deckard, n... Xem thêm","['Harrison Ford', '', 'Ryan Gosling']",['Denis Villeneuve'],['United States of America']
Du Khách Bí Ẩn - The Tourist,"['T13', 'Phim Âu Mỹ', 'Phim tâm lý', 'Một du khách người Mỹ tìm kiếm sự an ủi cho trái tim tan vỡ của mình, nhưng lại bị đốn tim sau khi tình cờ gặp một đặc vụ Interpol xinh đẹp.', 'Diễn viên:', 'Johnny Depp', ',', 'Angelina Jolie', ',', 'Paul Bettany', 'Đạo diễn:', 'Florian Henckel von Donnersmarck', 'Quốc gia:', 'United States of America']",,"['Johnny Depp', '', 'Angelina Jolie', '', 'Paul Bettany']",['Florian Henckel von Donnersmarck'],['United States of America']
4K Công Phu Gấu Trúc 3 - Kung Fu Panda 3,"['K', 'Phim Âu Mỹ', 'Phim hoạt hình', 'Công Phu Gấu Trúc 3 - Kung Fu Panda 3 kể về việc Po gặp lại người cha của mình. Hai người cùng tới một vùng đất chưa từng ai biết tới. Tại đây, họ gặp rất nhiều đồng loại gấu trúc. Khi đám trâu mắt xanh sở hữu sức mạnh thần bí có ý đồ thôn tính Thần châu, tiêu diệt vô số võ lâm cao thủ, Po buộc phải đối mặt với thử thách mới...', 'Đạo diễn:', 'Jennifer Yuh Nelson', ',', 'Alessandro Carloni', 'Quốc gia:', 'United States of America']",,[],"['Jennifer Yuh Nelson', '', 'Alessandro Carloni']",['United States of America']
Xích Lại Gần Nhau - Closer,['Phim Âu Mỹ'],"Xích Lại Gần Nhau - Closer kể về cô vũ nữ lang thang Alice và nhà văn trẻ si tình Dan. Họ đã 'va' vào nhau như định mệnh trên một đoạn đường đời tấp nập, từ những kẻ xa lạ trở thành tình nhân và tin rằng tình yêu họ dành cho nhau là thật. Một ngày, Dan gặp Anna - một nhiếp ảnh gia tự do, và hoang mang: liệu có phải đây mới là tình yêu đích thực mình tìm kiếm? Trên hành trình đi tìm câu trả lời cho... Xem thêm","['Clive Owen', '', 'Julia Roberts', '', 'Jude Law', '', 'Natalie Portman']",['Mike Nichols'],['United States of America']
Ngôi Đền Kỳ Quái 4 - Pee Nak 4,"['T13', 'Phim Hài', 'Hồn ma Nak với sức mạnh khủng khiếp nhất, đáng sợ nhất mà bộ đôi mỏ hỗn Balloon & First phải đối mặt để giải cứu cho trai đẹp Min Joon. Liệu hội bạn này sẽ giải được nghiệp mình tạo ra hay sẽ tan rã từ đây?', 'Diễn viên:', 'Bhuripat Vejvongsatechawat', ',', 'Witthawat Rattanaboonbaramee', 'Đạo diễn:', 'Phontharis Chotkijasdarspon', 'Quốc gia:', 'Thailand']",,"['Bhuripat Vejvongsatechawat', '', 'Witthawat Rattanaboonbaramee']",['Phontharis Chotkijasdarspon'],['Thailand']
Mẹ Mẹ Con Con - Tập 1,"['T13', 'Phim Hài', 'Phim Bộ', 'Phim Việt Nam', 'Mẹ Mẹ Con Con là câu chuyện xoay quanh một gia đình thành công trên thương trường nhưng lại ""đi vào ngõ cụt"" cho những câu chuyện của chính gia đình mình. Ẩn sau sự thành công và sang giàu đó, những thành viên trong gia đình này không hề hạnh phúc. Bản thân mỗi thành viên trong đó đều đang cố gắng thoát ra khỏi vỏ bọc thật sự để sống với bản chất thật của đời mình.', 'Diễn viên:', 'Quốc Thuận', ',', 'NSND Hồng Vân', ',', 'Hoàng Sơn', ',', 'Minh Nhí', ',', 'Kha Ly', ',', 'Xuân Nghị', ',', 'Đại Nghĩa', 'Đạo diễn:', 'Quốc Thuận', 'Quốc gia:', 'Vietnam']",,"['Quốc Thuận', '', 'NSND Hồng Vân', '', 'Hoàng Sơn', '', 'Minh Nhí', '', 'Kha Ly', '', 'Xuân Nghị', '', 'Đại Nghĩa']",['Quốc Thuận'],['Vietnam']
Đại Kê Chạy Đi - Tập 1,"['T13', 'Phim Hài', 'Phim Bộ', 'Phim Việt Nam', 'Đại Kê Chạy Đi kể về cuộc sống của hai mẹ con bán gà: Bà Hồng (Hồng Vân đóng) và con trai Đại Kê (Tuấn Dũng đóng). Mẹ thì chăm kiếm tiền còn con trai mới lớn lại ưa kiếm chuyện, nghịch ngợm. Cuộc sống của Đại Kê ở xóm nghèo trở nên xáo trộn khi bà Hồng quyết định sống thử với ông Sơn, khi tình yêu của anh bị cấm cản, việc làm giàu với bạn mới quen cũng gặp ngàn sóng gió.', 'Diễn viên:', 'Hoàng Yến', ',', 'NSND Hồng Vân', ',', 'Hoàng Sơn', ',', 'Lê Giang', ',', 'Ngân Quỳnh', ',', 'Trịnh Minh Dũng', ',', 'Hữu Tín', 'Đạo diễn:', 'Hoàng Tuấn Cường', 'Quốc gia:', 'Vietnam']",,"['Hoàng Yến', '', 'NSND Hồng Vân', '', 'Hoàng Sơn', '', 'Lê Giang', '', 'Ngân Quỳnh', '', 'Trịnh Minh Dũng', '', 'Hữu Tín']",['Hoàng Tuấn Cường'],['Vietnam']
Hài Hại Não - Tập 1,"['T13', 'Phim Hài', 'Phim Bộ', 'Phim Việt Nam', 'Hài Hại Não Tết xây dựng những tình huống hài hước xoay quanh về đời sống và mối quan hệ xã hội với sự góp mặt của các nghệ sĩ nổi tiếng Việt Nam.']",,[],[],[]
Kế Hoạch Đổi Chồng,"['T13', 'Phim Hài', 'Phim tâm lý']",Kế Hoạch Đổi Chồng kể về câu chuyện tiếng sét ái tình đã khiến Thu Dung và Trọng Quân yêu rồi cưới nhau khi cả hai còn rất trẻ. Nhưng mọi chuyện thay đổi khi tình cảm của Quân dần phai nhạt sau cuộc hôn nhân 1 năm giữa họ. Quân bắt đầu tìm mọi cách để Dung chủ động nói lời chia tay mình. Kế hoạch được vạch ra khi Quân gặp Khương  vốn là tay chơi khét tiếng và đào hoa. Quân sẽ trả Khương một số tiề... Xem thêm,"['Quang Đăng', '', 'Trương Thanh Long', '', 'Hoàng Yến Chibi']",['Trần Nhân Kiên'],['Vietnam']
Ngôi Nhà Bươm Bướm,"['T13', 'Trailer', 'Phim Hài', 'Phim tâm lý', 'Phim Việt Nam']","Ngôi Nhà Bươm Bướm kể về hành trình vượt qua trở ngại của Hoàng và Mai để đi đến cuộc hôn nhân mơ ước. Qua nhiều phen “chiêu dụ”, Hoàng và Mai đã sắp xếp được buổi gặp cho hai gia đình. Nhưng chính từ đây, câu chuyện oái oăm của nhà trai bị phơi bày và đem đến tình cảnh có một không hai cho buổi gặp mặt.","['Quang Minh', '', 'Hoàng Yến Chibi', '', 'Hồng Đào', '', 'NSƯT Thành Lộc']",['Huỳnh Tuấn Anh'],['Vietnam']
Ngày Mai Mai cưới,"['T13', 'Trailer', 'Phim Hài', 'Phim tâm lý']",Ngày Mai Mai Cưới xoay quanh câu chuyện của 4 người bạn thân chơi với nhau từ khi lọt lòng. Một cô nàng tomboy (Mai) muốn trở thành cảnh sát nhưng lại bị ép học kế toán. Một anh chàng cà lăm muốn trở thành ca sỹ nhưng lại bị ép đi nuôi nghêu. Một anh chàng muốn làm nhà thám hiểm đại dương nhưng lại bị ép đi chở đá thuê. Một anh chàng muốn trở thành tỷ phú đô la nhưng gia đình lại muốn cho đi tu. H... Xem thêm,"['Trung Dân', '', 'Cát Phượng', '', 'Diệu Nhi', '', 'Fap TV', '', 'Minh Beta']",['Nguyễn Hoàng Anh'],['Vietnam']
Sống Nốt Ngày Mai - This Is The End,"['Phim Hài', 'Phim Âu Mỹ']","Sống Nốt Ngày Mai - This Is The End kể về một nhóm bạn 6 người bị kẹt cùng nhau trong một ngôi nhà sau khi trải qua hàng loạt hiện tượng kì lạ ở Los Angeles. Sau khi số lương thực dự trữ ít ỏi còn lại đã hết, họ bắt đầu tranh cãi và mọi chuyện ngày một nghiêm trọng hơn. Cuối cùng, họ quyết định rời khỏi nơi cư ngụ để tìm đường cứu lấy chính mình. Và khi họ đối mặt với số phận cũng như nguy hiểm, h... Xem thêm","['Seth Rogen', '', 'Jonah Hill', '', 'James Franco', '', 'Danny McBride', '', 'Jay Baruchel']","['Evan Goldberg', '', 'Seth Rogen']",['United States of America']
Nữ Tặc Nhà Giàu - The House Bunny,"['Phim Hài', 'Phim Âu Mỹ']","Nữ Tặc Nhà Giàu - The House Bunny nói về Shelly, cô gái làm nghề người mẫu thỏ cho tạp chí Playboy vốn đang hưởng thụ một cuộc sống vô tư lự thì bất ngờ bị sa thải và buộc phải rời khỏi tòa nhà Playboy Mansion xa hoa mà cô đang ở. Không còn chỗ để đi, số phận run rủi cho Shelly gặp gỡ 7 nữ sinh thuộc nhóm Zeta Alpha Zeta. Những cô gái này cũng đang gặp khó khăn khi mà nếu họ không thể đăng ký vào ... Xem thêm","['Anna Faris', '', 'Colin Hanks']",['Fred Wolf'],['United States of America']
Đối Tác Hoàn Hảo - Good Job - Tập 1.,"['T13', 'Phim Hài', 'Đối Tác Hoàn Hảo - Good job kể về Chủ tịch tập đoàn lớn, Eun Seon Woo có mọi thứ: tiền tài, địa vị và vẻ đẹp trai. Nhưng ban đêm, anh lại hóa thân thành một thám tử với sự trợ giúp của người bạn thân Jinmo. Tất cả chỉ đề tìm ra kẻ đã giết mẹ anh trong quá khứ. Vô tình anh có những hiểu nhầm với Don Sera - một cô gái có đôi mắt tinh tường siêu phàm. Cùng nhau họ tháo gỡ sự hiểu nhầm và tham gia phá...', 'Xem thêm', 'Diễn viên:', 'Kwon Yu Ri', ',', 'Jung Il Woo', ',', 'Song Sang-Eun', 'Đạo diễn:', 'Kang Min Gu', 'Quốc gia:', 'South Korea']",,"['Kwon Yu Ri', '', 'Jung Il Woo', '', 'Song Sang-Eun']",['Kang Min Gu'],['South Korea']
Anh Thầy Ngôi Sao - Superstar Teacher,"['P', 'Phim Hài']","Anh Thầy Ngôi Sao - Superstar Teacher là bộ phim kể về Hoàng (Huy Me) với ước mơ trở thành siêu sao ca nhạc nhưng lại bị thuyên chuyển công tác ra xóm Quí - một hòn đảo hoang sơ, thiếu thốn. Tại hòn đảo này, thầy Hoàng giảng dạy cho lớp học đặc biệt gồm 5 bạn học sinh “bá đạo” và từ đó, anh rơi vào nhiều tình huống dở khóc dở cười.","['Đức Thịnh', '', 'Miu Lê']",['Đức Thịnh'],['Vietnam']
Chú Gấu Ted - Ted,"['T16', 'Phim Hài', 'Phim Âu Mỹ', 'Phim tâm lý']","Chú Gấu Ted - Ted là một bộ phim hài kể về John Bennett (Mark Wahlberg thủ vai), người đàn ông trưởng thành vẫn gắn bó với con gấu bông sống tên Ted, được sống động nhờ một điều ước thời thơ ấu. Ted, dù là gấu bông, có lối sống như người lớn, thích tiệc tùng và sử dụng ngôn ngữ thô tục. Khi John cố gắng duy trì mối quan hệ với bạn gái Lori (Mila Kunis thủ vai), tình bạn giữa anh và Ted bắt đầu gặp... Xem thêm","['Mark Wahlberg', '', 'Mila Kunis', '', 'Giovanni Ribisi', '', 'Joel McHale', '', 'Patrick Warburton', '', 'Seth MacFarlane']",['Seth Macfarlane'],['United States of America']
Tầng Lớp Thượng Lưu - Polite Society,"['T13', 'Phim Hài', 'Phiêu lưu - Hành động']","Tầng Lớp Thượng Lưu - Polite Society Quyết tâm giải cứu chị mình khỏi cuộc hôn nhân sắp diễn ra, một cô gái lên kế hoạch thực hiện một vụ cướp dâu cực kì liều lĩnh nhân danh tự do và tình chị em.","['PRIYA KANSARA', '', 'RITU ARYA', '', 'NIMRA BUCHA', '', 'AKSHAY KHANNA', '', 'SERAPHINA BEH', '', 'ELLA BRUCCOLERI']",['NIDA MANZOOR'],[]
Giáng Sinh Và Chuyện Ở Phòng Tập Thể Dục - Fit For Christmas,"['T13', 'Phim Hài', 'Phim tâm lý']",Giáng Sinh Và Chuyện Ở Phòng Tập Thể Dục - Fit For Christmas Một hướng dẫn viên thể dục mê Giáng sinh có kì nghỉ lãng mạn với một doanh nhân quyến rũ và bí ẩn.,"['REBECCA BUDIG', '', 'AMANDA KLOOTS', '', 'PAUL GREENE', '', 'STEPHAN MIERS', '', 'DARRYL HINDS', '', 'JACKLYN COLLIER']",['JESSICA HARMON'],[]
Bà Mẹ Mafia - Mafia Mamma,"['T16', 'Phim Hài', 'Phiêu lưu - Hành động']","Bà Mẹ Mafia - Mafia Mamma Một phụ nữ bị chồng phản bội bất ngờ nhận tin về cái chết của người ông vừa qua đời tại Ý. Mong muốn hay đổi không khí, cô lập tức bay đến để tham gia lễ tang. Nhưng cô không ngờ rằng quyết định này sẽ đưa cô đến với một khúc ngoặt bất ngờ trong cuộc đời,","['Toni Collette', '', 'Monica Bellucci', '', 'SOPHIA NOMVETE', '', 'EDUARDO SCARPETTA', '', 'ALFONSO PERUGINI', '', 'FRANCESCO MASTROIANNI']",['Catherine Hardwicke'],[]
"Hàng Hóa: Khó Sống, Khó Bán - The Goods: Live Hard, Sell Hard",['Phim Hài'],"Hàng Hóa: Khó Sống, Khó Bán - The Goods: Live Hard, Sell Hard Nhân viên thanh lý xe cũ Don Ready được một hãng bán lẻ xe hơi đang lụn bại thuê để biến đợt bán hàng nhân ngày 4/7 thành một sự kiện lợi nhuận cao","['Jeremy Piven', '', 'Kathryn Hahn', '', 'Rob Riggle', '', 'Ken Jeong', '', 'Ed Helms', '', 'Tony Hale', '', 'Ving Rhames', '', 'David Koechner', '', 'JONATHAN SADOWSKI', '', 'WENDIE MALICK', '', 'James Brolin', '', 'JORDANA SPIRO', '', 'ALAN THICKE', '', 'CHARLES NAPIER', '', 'NOUREEN DEWULF']",['Neal Brennan'],[]
Những Nhà Vô Địch - Champions,"['T13', 'Phim Hài']","Những Nhà Vô Địch - Champions Hành trình của một cựu huấn luyện viên bóng rổ mà sau một số tình huống tréo ngoe, đã bị tòa án bắt buộc huấn luyện cho một đội bóng dự Olmypic cho người khuyết tật.","['Woody Harrelson', '', 'Ernie Hudson', '', 'Cheech Marin', '', 'KAITLIN OLSON', '', 'MATT COOK', '', 'MIKE SMITH']",['Bobby Farrelly'],[]
Hiện Diện - Showing Up,"['T16', 'Phim Hài', 'Phim tâm lý']",Hiện Diện - Showing Up Một nghệ sĩ điêu khắc trải qua nhiều vấn đề cá nhân lẫn sự nghiệp trong quá trình thực hiện buổi triển lãm mà cô hằng mong đợi.,"['Michelle Williams', '', 'Hong Chau', '', 'John Magaro', '', 'Andre Benjamin', '', 'Amanda Plummer', '', 'MARYANN PLUNKETT']",['KELLY REICHARDT'],[]
Chicago - Chicago,"['T16', 'Phim Hài', 'Phim tâm lý']","Chicago - Chicago Richard Gere, Catherine Zeta Jones và Rene Zellweger nhảy bằng cả tâm can trong phim nhạc kịch giành giải Oscar.","['Taye Diggs', '', 'Catherine Zeta Jones', '', 'Colm Feore', '', 'Richard Gere', '', 'Queen Latifah', '', 'Renée Zellweger', '', 'Dominic West', '', 'SUSAN MISNER', '', 'Christine Baranski', '', 'Lucy Liu', '', 'JOHN C. REILY', '', 'Mya Harrison', '', 'DEIDRE GOODWIN', '', 'DENISE FAYE', '', 'EKATERINA CHTCHELKANOVA']",['Rob Marshall'],[]
Kì Nghỉ Cho Cặp Đôi - Couples Retreat,['Phim Hài'],Kì Nghỉ Cho Cặp Đôi - Couples Retreat Bốn cặp vợ chồng đến 1 hòn đảo nhiệt đới và bị cuốn vào khóa điều trị dành cho các cặp đôi tại khu nghỉ dưỡng.,"['Kristen Bell', '', 'Vince Vaughn', '', 'Jon Favreau', '', 'Jason Bateman', '', 'Kristin Davis', '', 'Malin Akerman']",['Peter Billingsley'],[]
Giáng Sinh Của Câu Chuyện Giáng Sinh - A Christmas Story Christmas,"['P', 'Phim Hài']","Giáng Sinh Của Câu Chuyện Giáng Sinh - A Christmas Story Christmas Một nhà văn trở lại quê nhà để tiếp nối truyền thống Giáng sinh mà bố anh đã làm rất tốt cho đến khi qua đời. Mang trọng trách trên vai, anh phải tìm cách cân bằng giữa việc chuẩn bị cho ngày lễ và công việc viết lách.","['ERINN HAYES', '', 'PETER BILLINGSLEY', '', 'JULIANNA LAYNE', '', 'RIVER DROSCHE', '', 'SCOTT SCHWARTZ']",['CLAY KAYTIS'],[]
Nhật Kí Đám Cưới - The Wedding Diary,"['P', 'Phim Hài']","Nhật Kí Đám Cưới - The Wedding Diary Gặp gỡ và kết hôn mới một cô gái có gia thế cao hơn mình, chàng thợ ảnh nghèo lâm vào tình thế nan giải khi phải lo một đám cưới xứng tầm với nhà gái, dẫn đến những tình huống dở khóc dở cười.","['A-NIU', '', 'ELANNE KWONG', '', 'SHAUN CHEN']",['KIN-KWOK CHENG'],[]
Kungfu Bóng Rổ - Kung Fu Dunk,"['T13', 'Phim Hài', 'Phiêu lưu - Hành động']",Kungfu Bóng Rổ - Kung Fu Dunk Một thanh niên bị bỏ rơi từ nhỏ sử dụng tài năng võ thuật để tham gia vào đội bóng rổ với mong ước tìm lại bố mẹ ruột.,"['Jay Chou', '', 'Charlene Choi', '', 'Eric Tsang', '', 'BARON CHEN']",['Kevin Chu'],[]
881: Chị Em Đu Đủ - 881,"['K', 'Phim Hài', 'Phim tâm lý']",881: Chị Em Đu Đủ - 881 Câu chuyện về đôi bạn thân vượt qua mọi định kiến xã hội để theo đuổi ước mơ hát dòng nhạc ca Đài,"['YEO YANN YANN', '', 'MINDEE ONG', '', 'YU-WU QI']",['ROYSTON TAN'],[]
Kẻ Cắp Giáng Sinh - Dr. Seuss' The Grinch,"['P', 'Phim Âu Mỹ', 'Phim hoạt hình']","Kẻ Cắp Giáng Sinh - Dr. Seuss' The Grinch: The Grinch kể về một gã cau có, hay hoài nghi đang tiến hành nhiệm vụ ăn cắp Giáng sinh, chỉ khi trái tim bị khuất phục bởi tinh thần Giáng sinh hào phóng của một cô gái trẻ gã mới thay đổi. Hài hước, ấm áp và tràn đầy những hình ảnh tuyệt đẹp về thị giác, The Grinch là một câu chuyện về tinh thần Giáng sinh và sức mạnh không thể lay chuyển của sự lạc qua... Xem thêm","['Benedict Cumberbatch', '', 'PHARRELL WILLIAMS', '', 'KENAN THOMPSON', '', 'Rashida Jones', '', 'Angela Lansbury', '', 'Cameron Seely']","['Pharrell Williams', '', 'Yarrow Cheney']",['United States of America']
Những Chú Chim Giận Dữ (Phần 2) - The Angry Birds Movie 2,"['K', 'Phim Âu Mỹ', 'Phim hoạt hình', 'Lần đầu tiên trong lịch sử Angry Birds, Chim và Heo quyết định bắt tay họp tác với nhau để chống lại kẻ thù chung là nữ hoàng băng giá Zeta.', 'Diễn viên:', 'Jason Sudeikis', ',', 'Josh Gad', ',', 'LESLIE JONES', 'Đạo diễn:', 'JOHN RICE', ',', 'THUROP VAN ORMAN', 'Quốc gia:', 'United States of America']",,"['Jason Sudeikis', '', 'Josh Gad', '', 'LESLIE JONES']","['JOHN RICE', '', 'THUROP VAN ORMAN']",['United States of America']
Những Chú Chim Giận Dữ - The Angry Birds Movie,"['K', 'Phim Âu Mỹ', 'Phim hoạt hình', 'Những Chú Chim Giận Dữ bắt đầu bằng cuộc sống yên bình và vui vẻ của những chú chim trong một hòn đảo. Ngay từ đầu trailer vang lên ca khúc Close To You của nhóm Carpenters với câu hát ""Why do birds suddenly appear..."" như vô cùng thích hợp cho bộ phim này, mang hàm ý cho câu hỏi ""tụi chim này ở đâu chui ra vậy?"" Tiếp theo đó là bài nhạc Bad của Michael Jackson vang lên làm nền cho những trò nghịc...', 'Xem thêm', 'Diễn viên:', 'Jason Sudeikis', ',', 'Josh Gad', ',', 'Danny McBride', 'Đạo diễn:', 'CLAY KAYTIS', ',', 'FERGAL REILLY', 'Quốc gia:', 'United States of America']",,"['Jason Sudeikis', '', 'Josh Gad', '', 'Danny McBride']","['CLAY KAYTIS', '', 'FERGAL REILLY']",['United States of America']
Katak Và Sứ Mệnh Chinh Phục Đại Dương - Katak The Brave Beluga,"['K', 'Phim Âu Mỹ', 'Phim hoạt hình']","Katak Và Sứ Mệnh Chinh Phục Đại Dương - Katak The Brave Beluga kể về Katak, một chú cá voi nhỏ vẫn mang màu xám dù các bạn cùng trang lứa đã chuyển sang màu trắng. Để chứng minh mình đã trưởng thành và hoàn thành tâm nguyện cuối cùng của bà, Katak lên đường tới Great North. Trong chuyến phiêu lưu đầy nguy hiểm này, Katak học được nhiều bài học quý giá và trở thành một chú cá voi dũng cảm.","['Jacques Leblanc', '', 'Johanne Léveillé', '', 'Maxime Le Flaguais', '', 'Nancy Bernier', '', 'Renaud Lacelle-Bourdon']","['Christine Dallaire-Dupont', '', 'Nicola Lemay']",['Canada']
Nhân Tài Đại Việt: Cái Bình Thần Kỳ,"['P', 'Phim hoạt hình', 'Phim Bộ', 'Lấy cảm hứng từ Thần Đồng Đất Việt và các câu truyện quà tặng cuộc sống, phim hoạt hình Nhân Tài Đại Việt đã được ra mắt từ năm 2019. Truyện Nhân Tài Đại Việt kể về Hồng Xiêm – một cậu bé thần đồng sống trong gia đình khá giả, nhưng vì ỷ mình thông minh, gia cảnh thì đầy đủ nên cậu thường không coi bạn bè ra gì, cũng không chịu chú ý nghe giảng trong giờ học khiến cho thầy cô, ba mẹ phiền lòng, bạ...', 'Xem thêm', 'Quốc gia:', 'Vietnam']",,[],[],['Vietnam']
Hành Trình Trở Về - Home,"['P', 'Phim Âu Mỹ', 'Phim hoạt hình']","Hành Trình Trở Về - Home là một bộ phim hoạt hình kể về cuộc gặp gỡ giữa một cô bé tên Tip và một người ngoài hành tinh ngộ nghĩnh tên Oh, thuộc chủng loài Boov đang tìm cách chiếm đóng Trái Đất. Khi Oh vô tình gây ra một sự cố khiến cả chủng loài của mình phải truy đuổi, anh và Tip cùng nhau phiêu lưu khắp nơi để tìm mẹ của Tip và bảo vệ Trái Đất. Trong quá trình đó, cả hai trở thành bạn bè và họ... Xem thêm","['Jennifer Lopez', '', 'Steve Martin', '', 'Brian Stepanek', '', 'Rihanna', '', 'Jim Parsons.', '', 'Matt Jones']",['Tim Johnson'],['United States of America']
Biệt Đội Biển Xanh - Deep,"['K', 'Phim Âu Mỹ', 'Phim hoạt hình']","Biệt Đội Biển Xanh - Deep xoay quanh câu chuyện vào năm 2100, khi loài người từ bỏ trái đất, một đàn sinh vật ngông cuồng vẫn sinh sôi nảy nở ở vực sâu nhất của đại dương. Deep, một con bạch tuộc ""dumbo"" thích phiêu lưu và là con cuối cùng của đồng loại sống ở đó cùng hai người bạn: Evo, một con cá vụng về, ngớ ngẩn, và Alice, một con tôm biển sâu bị loạn thần kinh. Khi một tai nạn phá hủy ngôi nh... Xem thêm",['Justin Felbinger'],['Julio Soto Gurpide'],['United States of America']
4K Kẻ Cắp Mặt Trăng - Despicable Me,"['K', 'Phim Âu Mỹ', 'Phim hoạt hình', 'Kẻ Cắp Mặt Trăng - Despicable Me kể về là Gru - một trong những tên tội phạm khét tiếng nhất thế giới. Gru lúc nào cũng muốn làm việc xấu xa và sẵn sàng gạt bỏ những kẻ ngáng đường đi của hắn. Sống trong một ngôi nhà tối tăm ở vùng ngoại ô thành phố, Gru xây dựng căn cứ bí mật nằm sâu dưới lòng đất cùng những kẻ tay sai tý hon màu vàng. Hắn còn sở hữu một kho đồ chơi công nghệ với nhiều vũ khí và ...', 'Xem thêm', 'Diễn viên:', 'Agnes', ',', 'Dana Gaier', ',', 'Edith Elsie Fisher', ',', 'Steve CarellMargo', 'Đạo diễn:', 'Jordan Peele', 'Quốc gia:', 'United States of America']",,"['Agnes', '', 'Dana Gaier', '', 'Edith Elsie Fisher', '', 'Steve CarellMargo']",['Jordan Peele'],['United States of America']
Hiệp Sĩ Chuột - The Tale Of Despereaux,"['K', 'Phim Âu Mỹ', 'Phim hoạt hình']","Hiệp Sĩ Chuột - The Tale Of Despereaux kể về hành trình của Despereaux, một chú chuột nhỏ với đôi tai to và trái tim dũng cảm. Mặc dù bị xem là kẻ ngoài cuộc trong thế giới chuột vì không sợ hãi và có tình yêu đặc biệt với sách, Despereaux quyết định cứu công chúa Pea khi vương quốc của cô rơi vào bóng tối sau cái chết của nữ hoàng. Cùng với một con chuột chù bất mãn tên là Roscuro, và một cô bé h... Xem thêm","['Sigourney Weaver', '', 'Stanley Tucci', '', 'Tony Hale', '', 'Kevin Kline', '', 'Robbie Coltrane']","['Sam Fell', '', 'Robert Stevenhagen']",['United States of America']
Đẳng Cấp Thú Cưng 2 - The Secret The Life Of Pets 2,"['P', 'Phim Âu Mỹ', 'Phim hoạt hình']","Đẳng Cấp Thú Cưng 2 - The Secret The Life Of Pets 2 là phần tiếp theo của bộ phim hoạt hình về cuộc sống bí mật của những thú cưng khi chủ của chúng vắng nhà. Bộ phim tiếp tục theo chân chú chó Max và những người bạn của cậu, bao gồm chú chó lông xù Gidget, chú thỏ Snowball, và nhiều nhân vật khác. Trong phần này, Max phải đối mặt với những lo lắng về sự an toàn của cậu chủ nhỏ khi gia đình đi ngh... Xem thêm","['Kevin Hart', '', 'Lake Bell', '', 'Patton Oswalt', '', 'Jenny Slate', '', 'Tiffany Haddish', '', 'Eric Stonestreet']",['Chris Renaud'],['United States of America']
Bí Kíp Luyện Rồng: Vùng Đất Bí Ẩn - How To Train Your Dragon: The Hidden World,"['P', 'Phim Âu Mỹ', 'Phim hoạt hình']","Bí Kíp Luyện Rồng: Vùng Đất Bí Ẩn - How To Train Your Dragon: The Hidden World là phần cuối trong loạt phim về Hiccup và chú rồng Toothless. Trong phần này, Hiccup, giờ là thủ lĩnh của làng Berk, tiếp tục sứ mệnh tạo ra một nơi mà rồng và người có thể sống hòa thuận. Tuy nhiên, khi một mối đe dọa mới xuất hiện dưới hình dạng Grimmel, một kẻ săn rồng nguy hiểm, Hiccup và Toothless phải dẫn dắt cư d... Xem thêm","['Gerard Butler', '', 'Jonah Hill', '', 'Cate Blanchett', '', 'America Ferrera', '', 'Craig Ferguson', '', 'Jay Baruchel']",['Tim Johnson'],['United States of America']
Bí Kíp Luyện Rồng: Trở Về Nhà - How To Train Your Dragon - Homecoming,"['P', 'Phim Âu Mỹ', 'Phim hoạt hình']","Bí Kíp Luyện Rồng: Trở Về Nhà - How To Train Your Dragon - Homecoming Bộ phim kể về Hiccup và Astrid, giờ đã có gia đình riêng, chuẩn bị cho lễ hội Snoggletog tại Berk. Khi phát hiện các con của mình chưa từng gặp Toothless và các loài rồng khác, Hiccup quyết định tổ chức một buổi biểu diễn tái hiện lịch sử của người Berk và rồng, để giữ ký ức về tình bạn giữa người và rồng sống mãi. Trong khi đó,... Xem thêm","['Gerard Butler', '', 'Christopher Mintz-Plasse', '', 'America Ferrera', '', 'Craig Ferguson', '', 'Jay Baruchel']",['Tim Johnson'],['United States of America']
Gấu Mập Học Võ - Kung Fu Panda,"['P', 'Phim Âu Mỹ', 'Phim hoạt hình']","Gấu Mập Học Võ - Kung Fu Panda kể về Po, một chú gấu trúc làm công việc phục vụ trong quán mì của cha mình, nhưng lại có giấc mơ trở thành một võ sĩ kung fu. Khi thầy sư phụ rùa Oogway chọn Po làm ""Chiến binh Rồng"" – người được tiên tri sẽ đánh bại kẻ ác Tai Lung, Po bất ngờ trở thành học trò của sư phụ Shifu cùng với nhóm Ngũ Đại Hào Kiệt. Ban đầu, Po vụng về và bị các bạn đồng môn xem thường, nh... Xem thêm","['Seth Rogen', '', 'Angelina Jolie', '', 'Jackie Chan', '', 'Dustin Hoffman', '', 'Jack Black', '', 'Ian McShane']","['John Stevenson', '', 'Mark Osborne']",['United States of America']
Đấu Trường Âm Nhạc - Sing,"['K', 'Phim hoạt hình']","Đấu Trường Âm Nhạc - Sing kể về chú gấu koala Buster Moon khi thấy rạp hát của mình có nguy cơ bị đóng cửa đã nảy ra ý tưởng tổ chức một cuộc thi âm nhạc để thu hút sự chú ý của khán giả. Lọt vào vòng chung kết là năm con vật với năm cá tính và hoàn cảnh khác nhau, mang đến hàng loạt những tình huống dở khóc dở cười cho đấu trường âm nhạc đầy gay cấn.","['Reese Witherspoon', '', 'Matthew McConaughey', '', 'Tori Kelly', '', 'John C. Reilly', '', 'Seth MacFarlane']",['Garth Jennings'],['United States of America']
Ngài Bean - Mr. Bean: The Animated Series - Tập 1,"['K', 'Phim hoạt hình', 'Phim Bộ', 'Mr Bean: The Animated Series là phiên bản hoạt hình của bộ phim truyền hình Mr. Bean của Anh năm 1990. Nhân vật trong bản gốc gồm có Mr. Bean, Irma Gobb, Teddy và chiếc xe hơi thân thiết Reliant Supervan, bên cạnh đó là sự xuất hiện của Wicket - bà chủ nhà của Mr. Bean và con mèo ranh ma Scrapper.', 'Quốc gia:', 'United States of America']",,[],[],['United States of America']
Kỹ Năng Sống Cho Bé - Họa sỹ Didu,"['P', 'Phim hoạt hình', 'Phim Bộ', 'Kỹ Năng Sống Cho Bé - chương trình dành cho thiếu nhi', 'Quốc gia:', 'Vietnam']",,[],[],['Vietnam']
Chú Chuột Siêu Quậy 3: Tiếng Gọi Nơi Hoang Dã - Stuart Little 3: Call Of The Wild,"['K', 'Phim Âu Mỹ', 'Phim hoạt hình']",Chú Chuột Siêu Quậy 3: Tiếng Gọi Nơi Hoang Dã - Stuart Little 3: Call Of The Wild kể về cuộc phiêu lưu của chú chuột Stuart,"['Hugh Laurie', '', 'MICHAEL J. FOX', '', 'Geena Davis']",['Audu Paden'],['United States of America']
Quái Vật Vũ Trụ - Starship Troopers: Invasion,"['T16', 'Phim Âu Mỹ', 'Phim hoạt hình']",Quái Vật Vũ Trụ - Starship Troopers: Invasion được chuyển thể từ cuốn tiểu thuyết viễn tưởng của nhà văn Robert A. Heinlein năm 1959 và từng được đề cử giải Hiệu ứng kỹ xảo tại Oscar năm 1998. Phim kể về cuộc chiến của người lính trẻ Johhny Rico cùng đồng đội chống lại những sinh vật ngoài hành tinh để bảo vệ sự sống còn của Trái Đất.,"['David Matranga', '', 'Justin Doran', '', 'Luci Christian']","['Shinji Aramaki', '', 'Steven Foster']",['United States of America']
Tập 1 - Cá Mập Bé Nghịch Ngợm,"['P', 'Phim hoạt hình', 'Phim Bộ', 'Hoạt Hình Với Hình Ảnh Và Hoạt Động Của Baby Shark']",,[],[],[]
Tập 1 - 10 Em Bé Nằm Trên Giường Liệu Có Chật Hay Không?,"['P', 'Phim hoạt hình', 'Phim Bộ', 'Bé học tiếng Anh']",,[],[],[]
Tập 1 - Cùng Đếm Số Và Chọn Màu,"['P', 'Phim hoạt hình', 'Phim Bộ', 'Bé học toán']",,[],[],[]
Kẹo Sữa Số 23 - Tập 1,"['P', 'Phim hoạt hình', 'Phim Trung Quốc', 'Phim Bộ', 'Kẹo Sữa có số thứ tự 23, cũng thường xuyên xếp thứ 23 trong các kì thi, tuy không có thành tích nổi bật nhưng Kẹo Sữa đã mang đến cho bố mẹ, giáo viên và các bạn sự chân thành, ấm áp và tốt bụng. Xung quanh Kẹo Sữa có những người bạn với nhiều tính cách khác nhau và thành tích học tập không đồng đều. Trong thế giới của trẻ em, mặc dù có những mâu thuẫn, tranh chấp nhưng qua đó các em sẽ thấy được ...', 'Xem thêm']",,[],[],[]
Tập 1 - Học Từ A Đến D,"['P', 'Phim hoạt hình', 'Phim Bộ', 'Tiếng Anh cho bé']",,[],[],[]
Ngôi Sao Phương Đông - The Star,"['P', 'Phim Âu Mỹ', 'Phim hoạt hình', 'The Star là câu chuyện về chú lừa Bo, tuy nhỏ con nhưng vô cùng gan dạ, khao khát một cuộc phiêu lưu khỏi cuộc sống ngôi làng thân thuộc, có phần nhàm chán của mình. Một ngày, lấy hết can đảm, Bo cùng với những người bạn của mình thực hiện một chuyến phiêu lưu. Trên đường đi, cậu kết bạn cùng với Ruth, một chú cừu đáng yêu bị lạc đàn và Dave, một chú bồ câu với khát vọng to lớn. Cùng với ba chú lạ...', 'Xem thêm', 'Diễn viên:', 'Keegan-Michael Key', ',', 'Steven Yeun', ',', 'Aidy Bryant', 'Đạo diễn:', 'Timothy Reckart', 'Quốc gia:', 'United States of America']",,"['Keegan-Michael Key', '', 'Steven Yeun', '', 'Aidy Bryant']",['Timothy Reckart'],['United States of America']
Học Viện Anh Hùng (Phần 1) - My Hero Academia (Season 1) - Tập 1,"['T13', 'Anime', 'Học Viện Anh Hùng (Phần 1) - My Hero Academia (Season 1) kể về một vị anh hùng muốn vượt lên đứng đầu trong tất cả! Izuku có một ước mở trở thành anh hùng từ khi còn nhỏ – là một mục tiêu cao nhất mà ai cũng muốn đạt được - nhưng đó là lại là một thách thức đối với một cậu bé không hề có tý năng lực siêu nhiên nào. Đúng thế, ở một cái thế giới mà hơn 80% dân số đều có một loại siêu năng lực “một c...', 'Xem thêm', 'Diễn viên:', 'Daiki Yamashita', ',', 'Nobuhiko Okamoto', 'Đạo diễn:', 'Kenji Nagasaki', 'Quốc gia:', 'Nhật Bản']",,"['Daiki Yamashita', '', 'Nobuhiko Okamoto']",['Kenji Nagasaki'],['Nhật Bản']
Natra Ma Đồng Giáng Thế - Ne Zha,"['K', 'Anime', 'Phim Trung Quốc', 'Bộ phim Natra Ma Đồng Giáng Thế - Ne Zha thuộc thể loại hoạt hình 3D của trung quốc thuộc thể loại Tiên hiệp phiêu lưu được công chiếu vào năm 2019. Bộ phim do Giảo Tử nhận trách nhiệm đạo diễn, với hai đồng biên kịch là Dịch Xảo và Nguỵ Vân. Phim được sản xuất dựa vào nguyên tác Phong thần diễn nghĩa, nội dung xoay quanh nhân vật Na Tra và con trai của Đông hải long vương là Ngao Bính. Câu chuyện...', 'Xem thêm', 'Diễn viên:', 'Han Mo', ',', 'Joseph', ',', 'Lv Yan-Ting', 'Đạo diễn:', 'Jiao Zi', 'Quốc gia:', ""People's Republic of China""]",,"['Han Mo', '', 'Joseph', '', 'Lv Yan-Ting']",['Jiao Zi'],"[""People's Republic of China""]"
(Lồng tiếng) Thanh Gươm Diệt Quỷ: Phần Đại Trụ Đặc Huấn - Demon Slayer: Kimetsu no Yaiba Hashira Training Arc - Tập 1,"['T13', 'Anime', 'Phim phát song song', 'Thanh Gươm Diệt Quỷ: Đại Trụ Đặc Huấn - Demon Slayer: Kimetsu no Yaiba Hashira Training Arc. Tiếp tục hành trình diệt quỷ, Tanjiro đến gặp Nham Trụ Himejima Gyoumei, người sẽ huấn luyện cậu chuẩn bị cho các trận chiến sắp tới. Quá trình đào tạo để trở thành Trụ Cột tương lai của Quân Đoàn Diệt Quỷ vô cùng căng thẳng và khắt khe. Có được sự chấp thuận của Himejima dường như là điều không thể, nhưng...', 'Xem thêm', 'Đạo diễn:', 'Haruo Sotozaki', 'Quốc gia:', 'Nhật Bản']",,[],['Haruo Sotozaki'],['Nhật Bản']
Thanh gươm Diệt quỷ: phần Núi Natagumo - Demon Slayer Mt. NATAGUMO ARC,"['T16', 'Anime', 'Tanjiro hợp tác với Zenitsu và Inosuke để điều tra vụ người mất tích trên núi Natagumo. Họ dần dần nhận ra toàn bộ ngọn núi đang bị kiểm soát bởi một gia đình sinh vật nhện quỷ.', 'Quốc gia:', 'Nhật Bản']",,[],[],['Nhật Bản']
"Thanh Gươm Diệt Quỷ: Phần ""Làng rèn kiếm"" - Mối liên kết mà ta dệt nên - Demon Slayer: Kimetsu no Yaiba Swordsmith Village: Tied Bond Arc","['T16', 'Anime', 'Sau trận chiến với Thượng Huyền Lục, thanh gươm của Tanjiro cũng bị hư hỏng nặng và lúc này, cậu cần một thanh gươm mới để tiếp tục lên đường làm nhiệm vụ. Cậu được đưa đến Làng Rèn Gươm, nơi phụ trách rèn vũ khí cho các kiếm sĩ của Đội Diệt Quỷ và chuẩn bị cho trận chiến mới với các thành viên mạnh nhất trong hàng Thượng Huyền của Thập Nhị Quỷ Nguyệt.', 'Quốc gia:', 'Nhật Bản']",,[],[],['Nhật Bản']
Thanh Gươm Diệt Quỷ: Phần Asakusa - Demon Slayer: Kimetsu no Yaiba Asakusa Arc,"['T16', 'Anime', 'Tanjiro và Nezuko chạm trán với hai con quỷ mạnh mẽ chiến đấu bằng vũ khí ma thuật. Ngay cả sự giúp đỡ từ Tamayo và Yushiro cũng có thể không đủ để đánh bại những con quỷ tự xưng thuộc về Mười hai Kizuki trực tiếp phục vụ Muzan, con quỷ chịu trách nhiệm cho những tai ương của Tanjiro! Nhưng nếu những con quỷ này có thể bị đánh bại, chúng có thể tiết lộ bí mật gì về Muzan?', 'Quốc gia:', 'Nhật Bản']",,[],[],['Nhật Bản']
"Thanh Gươm Diệt Quỷ: Phần ""Làng rèn kiếm"" - Kẻ địch tấn công - Demon Slayer: Kimetsu no Yaiba Swordsmith Village: Enemy Attack Arc","['T16', 'Anime', 'Sau trận chiến với Thượng Huyền Lục, thanh gươm của Tanjiro cũng bị hư hỏng nặng và lúc này, cậu cần một thanh gươm mới để tiếp tục lên đường làm nhiệm vụ. Cậu được đưa đến Làng Rèn Gươm, nơi phụ trách rèn vũ khí cho các kiếm sĩ của Đội Diệt Quỷ và chuẩn bị cho trận chiến mới với các thành viên mạnh nhất trong hàng Thượng Huyền của Thập Nhị Quỷ Nguyệt.', 'Quốc gia:', 'Nhật Bản']",,[],[],['Nhật Bản']
Thanh Gươm Diệt Quỷ: phần Thâm nhập Kỹ viện trấn - Demon Slayer: Kimetsu no Yaiba Entertainment District Infiltration Arc,"['T16', 'Anime', 'Sau khi hàng loạt vụ mất tích bí ẩn xảy ra trên một chuyến tàu, nhiều nỗ lực của Quân đoàn Sát quỷ nhằm khắc phục vấn đề đều không có kết quả. Để ngăn chặn thương vong thêm, Hỏa Trụ, Kyoujurou Rengoku, đã tự mình loại bỏ mối đe dọa. Đồng hành cùng anh là một số tân binh hứa hẹn nhất của Quân đoàn: Tanjirou Kamado, Zenitsu Agatsuma và Inosuke Hashibira, những người đều hy vọng được tận mắt chứng ki...', 'Xem thêm', 'Quốc gia:', 'Nhật Bản']",,[],[],['Nhật Bản']
Thanh Gươm Diệt Quỷ: phần Quyết chiến Kỹ viện trấn - Demon Slayer: Kimetsu no Yaiba Entertainment District Decisive Battle Arc,"['T16', 'Anime', 'Sự tàn phá của sự cố Tàu Mugen vẫn đè nặng lên các thành viên của Quân đoàn Sát quỷ. Mặc dù có thời gian để hồi phục nhưng cuộc sống vẫn phải tiếp tục vì kẻ ác không bao giờ ngủ: một con quỷ hung ác đang khủng bố những người phụ nữ quyến rũ của Khu giải trí Yoshiwara. Sound Hashira, Tengen Uzui và ba người vợ của anh ta đều có mặt trong vụ án. Tuy nhiên, khi sớm mất liên lạc với vợ/chồng của mình,...', 'Xem thêm', 'Quốc gia:', 'Nhật Bản']",,[],[],['Nhật Bản']
Thanh Gươm Diệt Quỷ: Căn nhà phát ra tiếng trống - Demon Slayer: Kimetsu no Yaiba Tsuzumi Mansion Arc,"['T16', 'Anime', 'Mạo hiểm leo lên một ngọn núi, Tanjiro và người bạn đồng hành mới Zenitsu tìm thấy một ngôi nhà bí ẩn. Hai đứa trẻ nhờ họ giúp tìm anh trai bị bắt cóc bên trong, nhưng khi vào trong, các phòng bắt đầu thay đổi và ngôi nhà biến thành mê cung! Mỗi người họ gặp phải một con quỷ và Tanjiro tình cờ gặp một chàng trai trẻ kỳ quặc đeo mặt nạ lợn rừng. Kiếm sĩ nhiệt huyết này là ai và anh ta muốn gì?', 'Quốc gia:', 'Nhật Bản']",,[],[],['Nhật Bản']
Thanh gươm Diệt quỷ: phần Hội nghị Đại Trụ và Điệp Phủ - Demon Slayer THE HASHIRA MEETING ARC,"['T16', 'Anime', 'Là một trong những bộ anime thành công nhất trong năm gần đây, Demon Slayer đã càn quét khắp thế giới với cốt truyện lôi cuốn và hình ảnh đỉnh cao. Câu chuyện xoay quanh cuộc phiêu lưu đen tối của Tanjiro, người thề sẽ trả thù cho sự mất mát của gia đình và tiêu diệt lũ quỷ ăn thịt con người. Để biến em gái mình, Nezuko, trở lại thành người, anh cần phải tự mình trở thành Sát quỷ và tìm ra phương ...', 'Xem thêm', 'Quốc gia:', 'Nhật Bản']",,[],[],['Nhật Bản']
Thanh gươm Diệt quỷ: phần Mối liên kết của hai anh em - Demon Slayer SIBLINGS’ BOND,"['T16', 'Anime', 'Tanjiro thấy gia đình mình bị thảm sát và người sống sót duy nhất, em gái Nezuko Kamado, bị biến thành một con quỷ. Tuy nhiên, thật ngạc nhiên, Nezuko vẫn có dấu hiệu của cảm xúc và suy nghĩ của con người.', 'Quốc gia:', 'Nhật Bản']",,[],[],['Nhật Bản']
Thanh Gươm Diệt Quỷ: Phần Đại Trụ Đặc Huấn - Demon Slayer: Kimetsu no Yaiba Hashira Training Arc - Tập 1,"['T13', 'Anime', 'Phim phát song song', 'Thanh Gươm Diệt Quỷ: Đại Trụ Đặc Huấn - Demon Slayer: Kimetsu no Yaiba Hashira Training Arc. Tiếp tục hành trình diệt quỷ, Tanjiro đến gặp Nham Trụ Himejima Gyoumei, người sẽ huấn luyện cậu chuẩn bị cho các trận chiến sắp tới. Quá trình đào tạo để trở thành Trụ Cột tương lai của Quân Đoàn Diệt Quỷ vô cùng căng thẳng và khắt khe. Có được sự chấp thuận của Himejima dường như là điều không thể, nhưng...', 'Xem thêm', 'Đạo diễn:', 'Haruo Sotozaki', 'Quốc gia:', 'Nhật Bản']",,[],['Haruo Sotozaki'],['Nhật Bản']
Bác Sĩ Quái Dị - Black Jack - Tập 1,"['T16', 'Anime', 'Tên thật của bác sĩ Black Jack là Hazama Kuuro, Mồ côi mẹ từ nhỏ và là người sống sót duy nhât sau tai nạn thảm khốc. Để trả thù cho những kể đã hại chết mẹ anh, Black Jack đi khắp nơi để tìm kiếm tung tích của chúng, Anh là một bác sĩ thiên tài có thể chữa mọi căn bệnh hiểm nghèo và những ca mổ bất thường mà không ai dám thực hiện. Tuy Nhiên Black Jack không có giấy phép hành nghề, Bị Đồng nghiệp...', 'Xem thêm', 'Diễn viên:', 'Black Jack', ',', 'Pinoko', 'Đạo diễn:', 'Osamu Tezuka', 'Quốc gia:', 'Nhật Bản']",,"['Black Jack', '', 'Pinoko']",['Osamu Tezuka'],['Nhật Bản']
Chú Thuật Hồi Chiến (Phần 2) - Jujutsu Kaisen (Season 2)  (Phát Song Song) - Tập 1,"['Anime', 'Phim phát song song', 'Chú Thuật Hồi Chiến (Phần 2) - Jujutsu Kaisen (Season 2) sẽ tập trung vào thời kỳ Gojo Satoru còn là học sinh của trường Cao đẳng Chú thuật Tokyo, khám phá mối quan hệ của anh với Geto Suguru - nhân vật phản diện chính trong phiên bản điện ảnh và phần đầu của anime. Phim cũng giải thích tại sao Gojo là chú thuật sư mạnh nhất của thế hệ này và là mối đe dọa với những linh hồn bị nguyền rủa đang tìm...', 'Xem thêm', 'Diễn viên:', 'Junya Enoki', ',', 'Takahiro Sakurai', ',', 'Yuichi Nakamura', ',', 'Yuma Uchida', 'Quốc gia:', 'Nhật Bản']",,"['Junya Enoki', '', 'Takahiro Sakurai', '', 'Yuichi Nakamura', '', 'Yuma Uchida']",[],['Nhật Bản']
(Lồng tiếng) Gia Đình Điệp Viên (Mùa 2) - Spy x Family (Season 2) - Tập 1,"['T13', 'Anime', '(Lồng tiếng) Gia Đình Điệp Viên (Mùa 2) - Spy x Family (Season 2) tiếp tục kể về điệp viên bậc thầy Twilight, dưới bí danh của bác sĩ tâm thần Loid Forger, và gia đình giả của anh ta, bao gồm cô con gái Anya, một nhà ngoại cảm, vợ anh ta là Yor, một sát thủ có biệt danh là Công chúa Gai và chú chó Bond của gia đình với sức mạnh nhận thức trước được tương lai.', 'Quốc gia:', 'Nhật Bản']",,[],[],['Nhật Bản']
Cô Thành Trong Gương - Lonely Castle In The Mirror,"['T13', 'Anime']","Cô Thành Trong Gương - Lonely Castle In The Mirror diễn ra giữa mùa đầu tiên và thứ hai, nơi Rimuru đối mặt với những âm mưu xoáy trong vương quốc Coleus. Quốc gia: Nhật Bản",[],[],['Nhật Bản']
Đại Chiến Titan Mùa Cuối Phần 3 (Nửa Sau) - Attack on Titan Final Season Part 3 (Second Half) (Phát Song Song) - Tập 1,"['Anime', 'Phim phát song song', 'Đại Chiến Titan Mùa Cuối Phần 3 (Nửa Sau) - Attack on Titan Final Season Part 3 (Second Half) xoay quanh câu chuyện bạn bè và kẻ thù cũ của Eren Yeager đã cùng nhau thành lập một liên minh nhằm chống lại cơn thịnh nộ diệt chủng của anh ta. Mặc dù từng là kẻ thù, Armin Arlert, Mikasa Ackerman và các thành viên còn lại của Trung đoàn Hướng đạo vẫn gia nhập lực lượng với Reiner Braun và những người s...', 'Xem thêm', 'Quốc gia:', 'Nhật Bản']",,[],[],['Nhật Bản']
Gia Đình Điệp Viên (Mùa 2) - Spy x Family (Season 2) - Tập 1,"['T13', 'Anime', 'Gia Đình Điệp Viên (Mùa 2) - Spy x Family (Season 2) tiếp tục kể về điệp viên bậc thầy Twilight, dưới bí danh của bác sĩ tâm thần Loid Forger, và gia đình giả của anh ta, bao gồm cô con gái Anya, một nhà ngoại cảm, vợ anh ta là Yor, một sát thủ có biệt danh là Công chúa Gai và chú chó Bond của gia đình với sức mạnh nhận thức trước được tương lai.', 'Quốc gia:', 'Nhật Bản']",,[],[],['Nhật Bản']
Shangri-La Frontier: Thợ Săn Game Rác Thách Thức Game Cấp Thánh - Tập 1,"['T13', 'Anime', 'Shangri-La Frontier: Thợ Săn Game Rác Thách Thức Game Cấp Thánh kể về nam sinh Rakurou Hizutome. Cậu chỉ quan tâm đến một chuyện duy nhất là tìm ra ""những trò chơi tồi tệ"" và phá đảo chúng. Kỹ năng chơi game của Rakurou Hizutome đã trở nên bất bại khi không ai sánh kịp và không còn trò chơi nào đủ tệ để anh có thể thưởng thức. Cho nên, khi được giới thiệu về game VR mới Shangri-La Frontier, Rakuro...', 'Xem thêm', 'Quốc gia:', 'Nhật Bản']",,[],[],['Nhật Bản']
Lúc Đó Tôi Đã Chuyển Sinh Thành Slime: Giấc Mộng Coleus - That Time I Got Reincarnated as a Slime: Coleus' Dream - Tập 1,"['T13', 'Anime', ""Lúc Đó Tôi Đã Chuyển Sinh Thành Slime: Giấc Mộng Coleus - That Time I Got Reincarnated as a Slime: Coleus' Dream kể về Satoru Mikami, một người đàn ông 37 tuổi hoàn toàn hài lòng với lối sống đơn điệu của mình ở Tokyo, ngoài việc không có bạn gái dù chỉ một lần trong đời. Một lần, anh ta bất ngờ bị một kẻ lạ mặt tấn công trên đường. Trong khi không chịu nổi vết thương của mình, một giọng nói kỳ lạ..."", 'Xem thêm', 'Quốc gia:', 'Nhật Bản']",,[],[],['Nhật Bản']
Kiteretsu - Tập 1,"['P', 'Anime', 'Phim hoạt hình', 'Kiteretsu kể về một cậu bé mới chỉ học tiểu học nhưng rất say mê nghiên cứu, chế tạo máy móc. Một lần, qua câu chuyện của bố, cậu tìm được những cuốn từ điển toàn giấy trắng và kính thần thông mà cụ cố Kiteretsu để lại, và nhận ra nếu đọc thông qua kính thần thông thì có thể thấy được nội dung trong đó - chính là những phát minh đầy thú vị. Cậu đã chế tạo ra Korosuke để giúp đỡ mình trong công việ...', 'Xem thêm', 'Quốc gia:', 'Nhật Bản']",,[],[],['Nhật Bản']
Yu-Gi-Oh! Duel Monsters - Tập 1,"['K', 'Anime', 'Yu-Gi-Oh! kể về Muto Yugi, một học sinh trường Domino có tính cách nhút nhát, hiền lành. Cậu là cháu nội của Muto Sugoroku. Trước đây, ông cậu vốn là một kiện tướng chơi trò chơi cực kì xuất sắc. Từ nhỏ, ông của Yugi đã dạy cậu chơi các trò chơi, và ông còn cho cậu một bộ xếp hình. Trong khoảng gần bảy năm, cậu đã tìm tòi để lắp ráp thành Trò chơi Ngàn năm (Bộ ghép hình Ngàn Năm). Nhưng cậu đã khô...', 'Xem thêm', 'Quốc gia:', 'Nhật Bản']",,[],[],['Nhật Bản']
Đứa Con Mà Mẹ Kế Dẫn Về Từng Là Bạn Gái Cũ - My Stepmom's Daughter is My Ex - Tập 1,"['T16', 'Anime', ""Đứa Con Mà Mẹ Kế Dẫn Về Từng Là Bạn Gái Cũ - My Stepmom's Daughter is My Ex kể về Irido Mizuto và Ayai Yume, hai người từng hẹn hò trong thời sơ trung. Tuy nhiên, vì bất đồng trong những chuyện nhỏ nhặt mà hai người đã quyết định chia tay nhau vào ngày tốt nghiệp. Tưởng rằng mọi chuyện đã kết thúc, ngay sau đó Mizuto lại biết được người mẹ kế mà bố cậu sắp tái hôn lại chính là mẹ của Yume. Cũng vì..."", 'Xem thêm', 'Đạo diễn:', 'Shinsuke Yanagi', 'Quốc gia:', 'Nhật Bản']",,[],['Shinsuke Yanagi'],['Nhật Bản']
Trường Học Ma Ám - Haunted School,"['T16', 'Phim Kinh dị', 'Phim Châu Á', 'Trường học là nơi bao nhiêu câu chuyện xảy ra, học sinh đến và đi, chỉ có phòng học và sân trường còn ở lại. Có những người rời trường với những ký ức khó quên, có những người mãi mãi không bao giờ quên những gì mình đã từng trải qua ở đó. Một ngày đẹp trời, nhóm học sinh nọ trốn lớp và tụ tập kể cho nhau nghe những câu chuyện kinh dị, mỗi câu chuyện càng lúc càng trở nên đáng sợ hơn. Khi những nh...', 'Xem thêm', 'Diễn viên:', 'Chayanat Jamsai', ',', 'Ingkarat Damrongsakkul', ',', 'Suchart Chankaeo', ',', 'Supatat Opas', 'Đạo diễn:', 'Manussanun Pongsuwan', 'Quốc gia:', 'Thailand']",,"['Chayanat Jamsai', '', 'Ingkarat Damrongsakkul', '', 'Suchart Chankaeo', '', 'Supatat Opas']",['Manussanun Pongsuwan'],['Thailand']
Sở Thú Thoát Ế - Secret Zoo,"['T13', 'Phim Hài', 'Phim tâm lý', 'Phim Hàn Quốc', 'Phim Châu Á']",Sở Thú Thoát Ế - Secret Zoo kể về một luật sự tập sự tên Tae-soo (Ahn Jae-hong) được công ty giao nhiệm vụ tiếp quản việc kinh doanh của vườn thú khi gần như tất cả các con thú đã bị bán đi. Một ý tưởng táo bạo đã được đưa ra để cứu vườn thú “thoát ế”: Các nhân viên phải mặc các bộ đồ thú và diễn như những con thú “thứ thiệt”. Mọi chuyện bất ngờ vượt khỏi tầm kiểm soát khi sở thú đột nhiên trở thà... Xem thêm,"['Kim Sung Oh', '', 'Kang So Ra', '', 'AHN JAE-HONG', '', 'Park Young Gyu']",['Son Jae-gon'],['South Korea']
Kỳ Nghỉ Nhớ Đời - Golden Holiday,"['T13', 'Phim Hài', 'Hành động & Phiêu lưu', 'Phim Hàn Quốc', 'Phim Châu Á', 'Kỳ Nghỉ Nhớ Đời (tựa gốc: Golden Holiday) là chuyến du lịch Philipines “vô tiền khoáng hậu” của gia đình anh cảnh sát “miệt vườn” Byung-soo (Kwak Do-won) nhân kỷ niệm 10 năm ngày cưới. Trong khi vợ và con gái đắm chìm trong niềm hạnh phúc lần đầu xuất ngoại, Byung-soo bí mật điều tra tung tích của Yong-bae (Kim Sang-ho) – một người bạn cũ, cũng là tay lừa đảo cộm cán đã trốn khỏi Hàn Quốc vài năm ...', 'Xem thêm', 'Diễn viên:', 'Kwak Do Won', ',', 'Kim Dae-Myung', ',', 'Kim Hie-won', 'Đạo diễn:', 'Kim Bong Han', 'Quốc gia:', 'South Korea']",,"['Kwak Do Won', '', 'Kim Dae-Myung', '', 'Kim Hie-won']",['Kim Bong Han'],['South Korea']
Gia Đình Của Tôi - Moving On,"['T16', 'Phim tâm lý', 'Phim Hàn Quốc', 'Phim Châu Á']","Gia Đình Của Tôi - Moving On - Bố phá sản còn mẹ bỏ đi, ba bố con Okju giờ buộc phải chuyển đến sống chung với ông nội và người cô sắp ly hôn. Cùng nhau chen chúc trong căn nhà nhỏ nhưng Okju cảm thấy hạnh phúc và nguôi ngoai khi sống ở đây. Tuy nhiên, khoảng thời gian êm ấm chưa được bao lâu, thì mâu thuẫn lại xảy đến với gia đình khi bố và người cô quyết định bán căn nhà và đưa ông nội vào viện ... Xem thêm","['Choi Jung-un', '', 'Heung-ju Yang', '', 'Hyun-young Park']",['Dan-bi Yoon'],['South Korea']
Chan-sil Muốn Gặp May - Lucky Chan-Sil,"['T13', 'Phim tâm lý', 'Phim Hàn Quốc', 'Phim Châu Á']","Chan-sil Muốn Gặp May - Lucky Chan-Sil kể về nhà sản xuất phim Lee Chan-sil, cô thất nghiệp ở tuổi ngoài 40, chuyển đến sống tại ngôi nhà nhỏ trên núi và làm giúp việc cho nữ diễn viên mình từng giúp đỡ. Cuộc sống bế tắc khi loạt rắc rối bủa vây nhưng sự xuất hiện của anh chàng “hồn ma điển trai” và bà chủ nhà tốt bụng đã giúp cô trở nên lạc quan hơn khi đối diện với những biến cố của cuộc đời.","['Kim Young Min', '', 'Mal-Geum Kang', '', 'Yuh-Jung Youn']",['Cho-hee Kim'],['South Korea']
Dã Thú Tranh Mồi - Beasts Clawing At Straws,"['T16', 'Phim tâm lý', 'Phim Hàn Quốc', 'Phim Châu Á']","Dã Thú Tranh Mồi - Beasts Clawing At Straws kể về cuộc đời của tám người. Khi biết được sự xuất hiện của một chiếc túi tiền khổng lồ vô chủ, tám con người với tám hoàn cảnh sống trớ trêu khác nhau cùng bị cuốn vào cuộc chiến săn tiền đẫm máu nhằm chiếm lấy cơ hội đổi đời có một không hai.","['Sung-Woo Bae', '', 'Jung Woo Sung', '', 'Jeon Do Yeon']",['Yong-hoon Kim'],['South Korea']
Ngục Tù - The Prison,"['Hành động & Phiêu lưu', 'Phim Hàn Quốc', 'Phim Châu Á', 'Phim kể về câu chuyện của cựu thám tử Song Yoo-gun vào tù với tội danh đánh người và bỏ chạy. Tại đây, Song Yoo-gun gặp Ik – Ho, người đàn ông được gọi là ""Vua"" trong số các tù nhân, để từ đó Song Yoo-gun có thể điều tra được sự thật về cái chết của anh chị em ruột của mình.', 'Diễn viên:', 'Kim Rae Won', ',', 'Jung Woong In', ',', 'Kim Sung Kyun', ',', 'Lee Gyeung Young', ',', 'Shin Sung Rok', 'Đạo diễn:', 'Na Hyun', 'Quốc gia:', 'South Korea']",,"['Kim Rae Won', '', 'Jung Woong In', '', 'Kim Sung Kyun', '', 'Lee Gyeung Young', '', 'Shin Sung Rok']",['Na Hyun'],['South Korea']
Tài Xế Taxi - A Taxi Driver,"['T16', 'Phim Hài', 'Phim tâm lý', 'Phim Hàn Quốc', 'Phim Châu Á', 'Vào tháng 5 năm 1980, phóng viên người Đức Peter (Thomas Kretschmann) làm việc theo nhiệm vụ ở Tokyo, nhưng tin tức ở đó rất chậm. Anh ta nghe một đồng nghiệp nói rằng có điều gì đó đáng lo ngại đang xảy ra ở Gwangju, Hàn Quốc. Các đường dây điện thoại đã bị cắt hoàn toàn đến thành phố. Peter quyết định sẽ đến Gwangju. Tại Seoul, Hàn Quốc, Kim Man-Seob phải vật lộn để kiếm sống với tư cách là một ...', 'Xem thêm', 'Diễn viên:', 'Song Kang Ho', ',', 'Lee Jung Eun', ',', 'Ryu Jun Yeol', ',', 'Yu Hae Jin', 'Đạo diễn:', 'Jang Hoon', 'Quốc gia:', 'South Korea']",,"['Song Kang Ho', '', 'Lee Jung Eun', '', 'Ryu Jun Yeol', '', 'Yu Hae Jin']",['Jang Hoon'],['South Korea']
Ngày Xui Xẻo - A Hard Day,"['Hành động & Phiêu lưu', 'Phim Hàn Quốc', 'Phim Châu Á', 'Thám tử Gun-Soo không tham dự đám tang của mẹ vợ vì phải tới đồn cảnh sát giải quyết một cuộc hỗn loạn. Trong khi lái xe tới đồn cảnh sát, Gun-Soo đã đâm xe trúng một người đàn ông không biết từ đâu xuất hiện. Người đàn ông này đã chết sau vụ va chạm xe và thám tử Gun-Soo trở nên hoảng loạn. Gun-Soo kéo người chết cho vào cốp xe của mình. Ngày vất vả của thám tử Gun-Soo chỉ mới bắt đầu.', 'Diễn viên:', 'Jo Jin Woong', ',', 'Jung Man Sik', ',', 'Lee Sun Gyun', ',', 'Park Bo Gum', ',', 'Shin Jung Geun', 'Đạo diễn:', 'Kim Seoung-Hun', 'Quốc gia:', 'North Korea']",,"['Jo Jin Woong', '', 'Jung Man Sik', '', 'Lee Sun Gyun', '', 'Park Bo Gum', '', 'Shin Jung Geun']",['Kim Seoung-Hun'],['North Korea']
Nạn Nhân Hồi Sinh - Rv: Resurrected Victims,"['T16', 'Hành động & Phiêu lưu', 'Phim Hàn Quốc', 'Phim Châu Á', 'Những nạn nhân đã chết mà được gọi là RV (Nạn nhân hồi sinh), sẽ quay trở lại thế giới sống để giết kẻ đã giết họ nhưng đã không bị trừng phạt. Sau khi giết kẻ giết họ, RV sẽ biến mất. 7 năm trước, Seo Jin-Hong đã chứng kiến \u200b\u200bmẹ mình bị giết trong một vụ cướp. Mẹ anh, xuất hiện giống như khi bà mất trước mặt anh. Và bà đang cố gắng giết Seo Jin-Hong.', 'Diễn viên:', 'Kim Rae Won', ',', 'Jang Young Nam', ',', 'Jeon Hye-Jin', ',', 'Sung Dong Il', 'Đạo diễn:', 'Kwak Kyung-Teak', 'Quốc gia:', 'South Korea']",,"['Kim Rae Won', '', 'Jang Young Nam', '', 'Jeon Hye-Jin', '', 'Sung Dong Il']",['Kwak Kyung-Teak'],['South Korea']
Đặc Vụ Du Hồn - Spiritwalker,"['Hành động & Phiêu lưu', 'Phim Hàn Quốc', 'Phim Châu Á']",Đặc Vụ Du Hồn - Spiritwalker kể về Kang Ian sau một vụ tai nạn giao thông bị mất trí nhớ và anh phát hiện ra mình sẽ thức dậy trong một cơ thể hoàn toàn mới sau mỗi 12 giờ. Hành trình tìm lại thân phận thật của Kang Ian bất ngờ trở thành một cuộc rượt đuổi đẫm máu với sự xuất hiện của một cô gái lạ mặt biết rõ anh là ai và một nhóm người hung tợn cũng đang truy lùng tung tích của anh.,"['Lim Ji Yeon', '', 'Yoon Kye-Sang', '', 'Park Yong-woo']",['Yoon Jae-geun'],['South Korea']
Điệp Vụ Kép - Inside Men,"['Hành động & Phiêu lưu', 'Phim Hàn Quốc', 'Phim Châu Á']","Điệp Vụ Kép - Inside Men kể về cuộc tranh giành quyền lực ngầm đầy rẫy những tội ác, mưu mô thâm hiểm, những hoạt động đen tối của chính trường Hàn Quốc. Trong phim, An Sang-Goo - một tay xã hội đen muốn thành danh mà dấn thân vào giới chính trường, được dẫn dắt bởi chủ biên một tờ tạp chí nổi tiếng Lee Gang-Hee, anh trở thành tay sai đắc lực cho nghị viên ứng cử viên Tổng thống Jang Pil-Woo. Vì b... Xem thêm","['BYUNG-HUN LEE', '', 'Seong-woo Bae', '', 'Seung-woo Cho', '', 'Woo-jin Jo', '', 'Yun Shik Baek']",['Woo Min Ho'],['South Korea']
Một Ngày Kỳ Lạ - Mood Of The Day,"['T16', 'Phim tâm lý', 'Phim Hàn Quốc', 'Phim Châu Á']","Một Ngày Kỳ Lạ - Mood Of The Day kể về một ngày xui xẻo đến kỳ lạ khiến Soo Jung và Jae Hyun phải trải qua hết 24 giờ cùng nhau. Một cô gái đang có mối tình 10 năm, liệu sẽ chấp nhận lời đề nghị thẳng thắn của chàng trai hào hoa?","['Yoo Yeon-Seok', '', 'Moon Chae-Won', '', 'Kim Seul Gi', '', 'Jo Jae-Yun', '', 'Park Min Woo']",['Cho Kyu-jang'],['South Korea']
Đường Hầm - Tunnel,"['T16', 'Hành động & Phiêu lưu', 'Phim Hàn Quốc', 'Phim Châu Á']","Đường Hầm - Tunnel kể về quản lý một đại lý ôtô có tên Lee Jung Soo. Trên đường trở về nhà sau khi nhận được một đơn hàng lớn, anh bất ngờ gặp tai nạn sập hầm và bị mắc kẹt dưới đống đổ nát. Những gì Jung Soo có được trong lúc đó là chiếc điện thoại với 78% pin, hai chai nước suối và chiếc bánh sinh nhật của con gái mình. Ngay sau khi tin tức về đường hầm bị sụp được công bố, người dân Hàn Quốc vô... Xem thêm","['Oh Dal Su', '', 'Bae Doo Na', '', 'Han Jung Woo']",['Kim Seung-hun'],['South Korea']
"Xin Lỗi, Anh Chỉ Là Sát Thủ - Luck-Key","['T16', 'Hành động & Phiêu lưu', 'Phim tâm lý', 'Phim Hàn Quốc', 'Phim Châu Á']","Xin Lỗi, Anh Chỉ Là Sát Thủ - Luck-Key nói về một anh chàng sát thủ máu lạnh chuyên xử lý những vụ án một cách nhanh gọn và không bao giờ để lại dấu vết. Một lần đi nhà tắm hơi công cộng anh bị tai nạn và bị mất trí nhớ. Lợi dụng tình hình đó anh chàng diễn viên nghèo thấy anh ta giàu có bền đổi chìa khoá tủ đồ. Kể từ đó anh chàng diễn viên thay đổi thân phận với tên sát thủ sống cuộc sống giàu sa... Xem thêm","['Lim Ji Yeon', '', 'Yu Hae Jin', '', 'Jo Yoon Hee', '', 'Lee Joon']",['Lee Gae Byok'],['South Korea']
"Thời Gian Biến Mất, Chuyện Về Cậu Bé Trở Lại - Vanishing Time: A Boy Who Returned","['T13', 'Phim tâm lý', 'Phim Hàn Quốc', 'Phim Châu Á']","Thời Gian Biến Mất, Chuyện Về Cậu Bé Trở Lại - Vanishing Time: A Boy Who Returned kể về Seong Min, cậu bé bị mất tích một cách bí ẩn trong một chuyến đi leo núi, sau đó được tìm thấy vài ngày sau nhưng với dáng vẻ của người trưởng thành. Và Soo Rin – một người bạn cùng lớp – là người duy nhất tin rằng có chuyện gì đó đang xảy ra với cậu.","['Lee Hyo Je', '', 'Shin Eun Soo', '', 'Kang Dong Won']",['Um Tae-hwa'],['South Korea']
Bi Kịch Triều Đại - The Throne,"['T16', 'Phim Hàn Quốc', 'Phim Cổ trang', 'Phim Châu Á']","Bi Kịch Triều Đại - The Throne là tác phẩm đại diện của Hàn Quốc đi tranh giải Oscar 2016. Phim tái hiện chân thật một bi kịch có thật trong lịch sử vương triều của đất nước này về vị hoàng tử yểu mệnh Sado. Vào năm 1762, vị vua Yeongjo của triều đại Joseon đã cáo buộc con trai của mình phản quốc. Vì thế, Sado bị kết án bằng một cái chết khủng khiếp. Người cha độc ác đã nhốt con mình vào một cái t... Xem thêm","['Song Kang Ho', '', 'Jin Ji Hee', '', 'Yoo Ah In', '', 'Moon Geun Young', '', 'Park Won Sang']",['Lee Joon Ik'],['South Korea']
Pháp Sư Côn Đồ - Man On The Edge,"['T16', 'Phim Hàn Quốc', 'Phiêu lưu - Hành động', 'Phim Châu Á']","Pháp Sư Côn Đồ - Man On The Edge kể về một kẻ thô lỗ, ngang tàng bỗng chốc phải trở thành thầy cúng nhằm cứu rỗi chính mình. Nhiệm vụ giải thoát cho các linh hồn không hề đơn giản và chiếc mặt nạ che giấu thân phận pháp sư đang có nguy cơ bại lộ...","['Park Shin Yang', '', 'Uhm Ji Won', '', 'Kim Jung Tae']",['Jo Jin Kyu'],['South Korea']
Ẩn Thân - Secretly Greatly,"['T16', 'Hành động & Phiêu lưu', 'Phim tâm lý', 'Phim Hàn Quốc', 'Phim Châu Á']","Ẩn Thân - Secretly Greatly phim xoay quanh ba điệp viên Triều Tiên trở thành những người di cư bí mật đến hội phủ ở một ngôi làng nhỏ ở Hàn Quốc để thực hiện nhiệm vụ. Ba điệp viên có hai lần tên là Won Ryu-hwan, Ri Hae-rang và Lee Hae-jin. Họ giả dạng thành những người di dân bình thường và sống trong đó như một gia đình. Tuy nhiên, cuộc sống an lành của họ bị đảo lộn khi những khía cạnh đen tối ... Xem thêm","['Kim Soo Hyun', '', 'Lee Hyun-woo', '', 'Park Ki-Woong']",['Jang Cheol Soo'],['South Korea']
Thuật Xem Tướng - The Face Reader,"['T16', 'Phim tâm lý', 'Phim Hàn Quốc', 'Phim Châu Á']","Thuật Xem Tướng - The Face Reader kể về Na Kyung, một thiên tài nhận biết con người qua gương mặt trong thời đại Joseon. Hợp tác với Yeon Hong để tìm kẻ sát nhân, Na Kyung được Vua Moonjong chọn làm người tin cậy để phát hiện phản bội trong triều đình. Tuy nhiên, sau cái chết bí ẩn của Vua, Na Kyung phải đối mặt với kẻ thèm muốn quyền lực, nguy cơ ám sát Danjong. Cuộc chiến tranh quyền lực đầy khố... Xem thêm","['Song Kang Ho', '', 'Lee Jung Jae']",['Han Jae Rim'],['South Korea']
Bản Cam Kết - Commitment,"['T16', 'Phim tâm lý', 'Phim Hàn Quốc', 'Phim Châu Á']","Bản Cam Kết - Commitment là một bộ phim điệp viên Hàn Quốc với sự tham gia của một ca sĩ K-pop- TOP (Thành viên nhóm nhạc Big Bang). Mười chín tuổi, Myung-hoon (Choi Seung-hyun)không bao giờ tưởng tượng rằng mình trở thành một kẻ giết người. Ước mơ trở một nghệ sĩ dương cầm nhanh chóng tan biến khi cha mình - một điệp viên Bắc Triều Tiên - chết do không hoàn thành nhiệm vụ khiến anh và cô em gái H... Xem thêm","['Han Ye Ri', '', 'Kim Yoo Jung', '', 'Jo Sung Ha', '', 'Choi Seung Hyun', '', 'Yoon Je Moon']",['Park Hong Soo'],['South Korea']
Truy Lùng - The Suspect,"['T16', 'Phim tâm lý', 'Phim Hàn Quốc', 'Phim Châu Á']","Truy Lùng - The Suspect là một bộ phim hành động và kinh dị Hàn Quốc, xoay quanh Dong-chul (Gong Yoo) - đặc vụ xuất sắc nhất ở Bắc Triều Tiên. Sau khi bị bỏ rơi trong một nhiệm vụ, anh phải chạy trốn khỏi sự truy đuổi và đối mặt với mất mát to lớn khi vợ và con gái anh bị sát hại. Trong cuộc đối đầu giữa nỗi đau và thù hận, Dong-chul phải giải quyết những rắc rối đen tối để tìm ra sự thật và báo t... Xem thêm","['Park Hee Soon', '', 'Gong Yoo', '', 'Jo Sung Ha', '', 'Yoo Da-in']",['Won Shin-yun'],['South Korea']
Găng Tơ Vô Danh - Nameless Gangster: Rules of The Time,"['Phim tâm lý', 'Phim Hàn Quốc', 'Phim Châu Á']","Găng Tơ Vô Danh - Nameless Gangster: Rules of The Time lấy bối cảnh năm 1982 ở Busan, kể về Choi Ik-hyeon, nhân viên hải quan đối diện với nguy cơ mất việc. Để bảo vệ gia đình, anh bắt đầu kinh doanh ma tuý và hợp tác với em họ xa, trùm giang hồ Choi Hyeong-bae. Hai anh em nhanh chóng trở thành những nhân vật quyền lực trong thế giới tội ác. Tuy nhiên, khi chính phủ quyết định đối đầu với tội phạm... Xem thêm","['Ha Jung-woo', '', 'Choi min sik']",['Yoon Jong-Bin'],['South Korea']
Sát Thủ Văn Phòng - A Company Man,"['T16', 'Phim tâm lý', 'Phim Hàn Quốc', 'Phim Châu Á']","Sát Thủ Văn Phòng - A Company Man kể về Hyeong Do, một sát thủ trong tổ chức giết người, tạo hình dưới bức mặt của một công ty buôn bán kim loại. Dù việc giết người đã trở thành thói quen hàng ngày với Hyeong, nhưng mọi thay đổi khi anh nhận nhiệm vụ thủ tiêu Hyun Yi, người đã trở nên không còn giá trị. Trong bối cảnh này, tình cảm chi phối Hyeong và anh quyết định không hoàn thành nhiệm vụ, đẩy m... Xem thêm","['Kwak Do Won', '', 'So Ji Sub', '', 'Kim Dong-jun', '', 'Lee Mi-yeon']",['LIM Sang-yun'],['South Korea']
Đêm Ở Trường Học - Night School,"['T13', 'Phim Âu Mỹ', 'Phim tâm lý']","Đêm Ở Trường Học - Night School là một bộ phim hài kể về Teddy Walker, một người đàn ông thất nghiệp phải quay lại trường học để lấy bằng tốt nghiệp trung học sau khi mất việc. Anh tham gia một lớp học ban đêm với hy vọng cải thiện cuộc sống của mình, nhưng gặp phải nhiều tình huống dở khóc dở cười cùng với nhóm bạn học đầy cá tính và cô giáo cứng rắn Carrie. Bộ phim khắc họa hành trình vượt qua k... Xem thêm","['Kevin Hart', '', 'Taran Killam', '', 'Rob Riggle', '', 'Romany Malco', '', 'Tiffany Haddish']",['Malcolm D. Lee'],['United States of America']
4K Thuyết Yêu Thương - The Theory Of Everything,"['T13', 'Phim Âu Mỹ', 'Phim tâm lý', 'Thuyết Yêu Thương - The Theory Of Everything là bộ phim tiểu sử kể về cuộc đời của nhà vật lý thiên tài Stephen Hawking. Phim tập trung vào mối quan hệ giữa Stephen và người vợ đầu tiên, Jane, từ khi họ gặp nhau lúc còn là sinh viên tại Đại học Cambridge. Khi Stephen bị chẩn đoán mắc bệnh ALS (xơ cứng teo cơ), cơ thể dần bị tàn phá nhưng trí tuệ phi thường của ông vẫn tỏa sáng. Bộ phim khắc họa nh...', 'Xem thêm', 'Diễn viên:', 'Felicity Jones', ',', 'Eddie Redmayne', ',', 'Charlie Cox', ',', 'Emily Watson', ',', 'David Thewlis', 'Đạo diễn:', 'James Marsh', 'Quốc gia:', 'United States of America']",,"['Felicity Jones', '', 'Eddie Redmayne', '', 'Charlie Cox', '', 'Emily Watson', '', 'David Thewlis']",['James Marsh'],['United States of America']
3000 Năm Khao Khát - Three Thousand Years Of Longing,"['T13', 'Phim Âu Mỹ', 'Phim tâm lý']","3000 Năm Khao Khát - Three Thousand Years Of Longing kể về tiến sĩ Alithea Binnie là một nhà học thuật - bằng lòng với cuộc sống và một sinh vật của lý trí. Khi ở Istanbul tham dự một hội nghị, cô tình cờ gặp một Djinn, người đã đưa ra ba điều ước của cô để đổi lấy sự tự do của anh ta.","['Idris Elba', '', 'Tilda Swinton']",['George Miller'],['United States of America']
Một Cách Vẹn Toàn - The Last Full Measure,"['T13', 'Phim Âu Mỹ', 'Hành động & Phiêu lưu', 'Phim tâm lý', 'Phiêu lưu - Hành động']","Một Cách Vẹn Toàn - The Last Full Measure kể về anh hùng chiến tranh Việt Nam William H. Pitsenbarger, một Pararescuemen của Không quân Hoa Kỳ (còn được gọi là một PJ), người đã cứu sống hơn sáu mươi người. Trong một nhiệm vụ giải cứu vào ngày 11 tháng 4 năm 1966, anh được trao cơ hội trốn thoát trên chiếc trực thăng cuối cùng ra khỏi khu vực chiến đấu dưới hỏa lực, nhưng anh ở lại để cứu và bảo v... Xem thêm","['Alison Sudol', '', 'Sebastian Stan']",['Todd Robinson'],['United States of America']
Giải Cứu - High Wire Act,"['T13', 'Phim Âu Mỹ', 'Hành động & Phiêu lưu', 'Phim tâm lý']",Giải Cứu - High Wire Act kể về về một nhà cựu ngoại giao Mỹ quay trở lại công việc cũ của mình để giải cứu cô bạn đồng nghiệp.,"['Rosamund Pike', '', 'Jon Hamm']",['BRAD ANDERSON'],['United States of America']
Yêu Không Sợ Hãi - Fearless Love,"['T13', 'Phim tâm lý', 'Romance', 'Phim Thái Lan']",Yêu Không Sợ Hãi - Fearless Love kể về Din và Ploy phải giả vờ hành động như thể họ vẫn còn yêu nhau để quay một video cuối cùng cho nhà sản xuất nhẫn kim cương lớn trước khi họ chính thức kết thúc mối quan hệ của mình.,"['Dan Worrawech Danuwong', '', 'Pattie Ungsumalynn Sirapatsakmetha']",['Dan Worrawech Danuwong'],['Thailand']
Sếp Tôi Là Sát Nhân Hàng Loạt - My Boss Is A Serial Killer,"['T13', 'Phim Kinh dị', 'Hành động & Phiêu lưu', 'Phim tâm lý']",Sếp Tôi Là Sát Nhân Hàng Loạt - My Boss Is A Serial Killer xoay quanh một nhóm các công nhân văn phòng tin rằng ông chủ của họ có thể là một kẻ giết người điên rồ trong quá khứ,"['Kong Saharat Sangkapricha', '', 'Mook Mookda Narinrak']",['Phuwanit Pholdee'],['Thailand']
Đã Đến Lúc - About Time,"['T13', 'Phim Âu Mỹ', 'Phim tâm lý']","Đã Đến Lúc - About Time kể về Tim Lake (do Domhnall Gleeson thủ vai), một chàng trai trẻ phát hiện ra rằng anh có khả năng du hành thời gian. Khi Tim tròn 21 tuổi, cha anh (do Bill Nighy thủ vai) tiết lộ bí mật rằng tất cả nam giới trong gia đình đều có khả năng này. Tim quyết định sử dụng khả năng đặc biệt của mình để cải thiện cuộc sống và tìm kiếm tình yêu đích thực.Tim gặp và yêu Mary (do Rach... Xem thêm","['Rachel McAdams', '', 'Margot Robbie', '', 'Bill Nighy', '', 'Tom Hollander']",['Richard Curtis'],['United States of America']
Tội Phạm Nhân Bản 2049 - Blade Runner 2049,"['Phim Âu Mỹ', 'Phim tâm lý']","Tội Phạm Nhân Bản 2049 - Blade Runner 2049 kể về K - một người nhân bản thế hệ mới nhất làm việc cho Cục cảnh sát Los Angeles. Trong một cuộc săn lùng tội phạm nhân bản bỏ trốn, K tình cờ phát hiện bí mật gây chấn động: Một người nhân bản từng có thai và qua đời khi sinh con. Cấp trên chỉ đạo anh phải tìm ra đưa bé và tiêu diệt nó để tránh hậu họa. Lần theo các manh mối, K tìm thấy Rick Deckard, n... Xem thêm","['Harrison Ford', '', 'Ryan Gosling']",['Denis Villeneuve'],['United States of America']
"Nửa thân quen, nửa xa lạ, Tập 01","['T16', 'Phim tâm lý', 'Hà Tri Nam cảm thấy buồn phiền khi cuộc tình 7 năm đang dần nhạt phai. Đúng lúc này, Cù Nhất Bồng - một người đàn ông đẹp trai và quyến rũ lại đột ngột xuất hiện.', 'Diễn viên:', 'Đổng Khiết', ',', 'Châu Vũ Đồng', ',', 'Viên Văn Khang', ',', 'Điền Hi Vi', ',', 'Trần Hạo Sâm', ',', 'Tân Vân Lai', ',', 'Trương Triết Hoa', ',', 'Tăng Mộng Tuyết', ',', 'Hầu Văn Nguyên', 'Đạo diễn:', 'Trương Hiểu Ba', 'Quốc gia:', ""People's Republic of China""]",,"['Đổng Khiết', '', 'Châu Vũ Đồng', '', 'Viên Văn Khang', '', 'Điền Hi Vi', '', 'Trần Hạo Sâm', '', 'Tân Vân Lai', '', 'Trương Triết Hoa', '', 'Tăng Mộng Tuyết', '', 'Hầu Văn Nguyên']",['Trương Hiểu Ba'],"[""People's Republic of China""]"
Du Khách Bí Ẩn - The Tourist,"['T13', 'Phim Âu Mỹ', 'Phim tâm lý', 'Một du khách người Mỹ tìm kiếm sự an ủi cho trái tim tan vỡ của mình, nhưng lại bị đốn tim sau khi tình cờ gặp một đặc vụ Interpol xinh đẹp.', 'Diễn viên:', 'Johnny Depp', ',', 'Angelina Jolie', ',', 'Paul Bettany', 'Đạo diễn:', 'Florian Henckel von Donnersmarck', 'Quốc gia:', 'United States of America']",,"['Johnny Depp', '', 'Angelina Jolie', '', 'Paul Bettany']",['Florian Henckel von Donnersmarck'],['United States of America']
Tình Yêu Bất Tận - Endless Love,"['T13', 'Phim Âu Mỹ', 'Phim tâm lý']","Tình Yêu Bất Tận - Endless Love xoay quanh câu chuyện tình giữa David, một chàng trai trẻ có quá khứ rắc rối, và Jade, một cô gái con nhà giàu với tương lai tươi sáng. Mối tình mãnh liệt giữa họ vấp phải sự phản đối từ gia đình Jade, đặc biệt là cha cô, người lo sợ David sẽ hủy hoại cuộc đời con gái ông. Bất chấp những trở ngại và sự cấm cản, tình yêu của họ ngày càng trở nên sâu đậm, dẫn đến nhữn... Xem thêm","['Robert Patrick', '', 'Bruce Greenwood', '', 'Rhys Wakefield', '', 'JOELY RICHARDSON', '', 'Gabriella Wilde']",['Shana Feste'],['United States of America']
4K Ngày Hôm Qua - Yesterday,"['T16', 'Hành động & Phiêu lưu', 'Phim tâm lý', 'Ngày Hôm Qua - Yesterday là một bộ phim hài lãng mạn pha chút yếu tố giả tưởng kể về Jack Malik, một nhạc sĩ vô danh, người thức dậy sau một tai nạn và phát hiện ra rằng mình là người duy nhất trên thế giới nhớ đến các bài hát của ban nhạc huyền thoại The Beatles. Tận dụng cơ hội, Jack bắt đầu biểu diễn những bài hát của họ và nhanh chóng trở nên nổi tiếng toàn cầu. Tuy nhiên, khi sự nghiệp của an...', 'Xem thêm', 'Diễn viên:', 'Kate McKinnon', ',', 'Lily James', ',', 'ED SHEERAN', ',', 'HIMESH  PATEL', 'Đạo diễn:', 'Danny Boyle', 'Quốc gia:', 'United States of America']",,"['Kate McKinnon', '', 'Lily James', '', 'ED SHEERAN', '', 'HIMESH  PATEL']",['Danny Boyle'],['United States of America']
Hồ Sơ Vô Tội - Gyul-Baek,"['T13', 'Phim tâm lý', 'Phim Hàn Quốc', 'Một ngày nọ, trưởng thôn và một vài người dân tử vong sau khi uống phải rượu gạo có tẩm thuốc trừ sâu. Nghi phạm chính là vợ của một trong số các nạn nhân. Con gái của bị cáo là một luật sư đã quay lại quê hương để bào chữa cho mẹ mình. Từ đây, những mảng tối trong tuổi thơ của cô được tiết lộ.', 'Diễn viên:', 'Bae Jong Ok', ',', 'Shin Hye Sun', ',', 'Joon-ho Huh', 'Đạo diễn:', 'SANG-HYUN  PARK', 'Quốc gia:', 'South Korea']",,"['Bae Jong Ok', '', 'Shin Hye Sun', '', 'Joon-ho Huh']",['SANG-HYUN  PARK'],['South Korea']
Mama Mia: Yêu Lại Lần Nữa - Mamma Mia: Here We Go Again!,"['T16', 'Phim Âu Mỹ', 'Phim tâm lý']","Mama Mia: Yêu Lại Lần Nữa - Mamma Mia: Here We Go Again! là phần tiếp theo của bộ phim ca nhạc nổi tiếng, tiếp tục câu chuyện về Sophie, con gái của Donna. Khi Sophie chuẩn bị cho lễ khai trương khách sạn của mẹ, cô khám phá thêm về quá khứ của Donna, đặc biệt là quãng thời gian khi Donna trẻ tuổi gặp ba người đàn ông đã thay đổi cuộc đời cô. Phim xen kẽ giữa hiện tại và quá khứ, với những màn trì... Xem thêm","['Pierce Brosnan', '', 'Amanda Seyfried', '', 'Colin Firth', '', 'Lily James', '', 'Meryl Streep', '', 'Stellan Skarsgard']",['Ol Parker'],['United States of America']
"Lọ lem 2 giờ sáng, Tập 01","['T13', 'Phim tâm lý', 'Sau một năm rưỡi hẹn hò với Ju Won mà không biết anh là con trai út của tập đoàn AL, Yoon Seo quyết định nhận tiền của mẹ anh ta và chia tay theo yêu cầu bà. Như đã hứa, cô cố gắng chia tay anh bằng cách khiến anh dần dần ghét bỏ mình. Tuy nhiên, cô say rượu và vô tình gọi điện cho anh để chia tay.', 'Diễn viên:', 'Yoon Park', ',', 'Shin Hyun Been', ',', 'Moon Sang Min', ',', 'Park So Jin', ',', 'Hong Bi Ra', ',', 'Kim Tae Jung', 'Đạo diễn:', 'Seo Min Jung', 'Quốc gia:', 'South Korea']",,"['Yoon Park', '', 'Shin Hyun Been', '', 'Moon Sang Min', '', 'Park So Jin', '', 'Hong Bi Ra', '', 'Kim Tae Jung']",['Seo Min Jung'],['South Korea']
Ruby Máu - Tập 1,"['T16', 'Hành động & Phiêu lưu', 'Phim tâm lý', 'Phim Bộ', 'Phim Việt Nam', 'Ruby Máu khắc họa cuộc chiến cam go giữa các chiến sĩ công an ngầm với những băng nhóm tội phạm có tổ chức, chuyên buôn bán đá quý trái phép. Nội dung phim tập trung vào nhóm cảnh sát 7 người, trong đó có Trọng Liêm (Lâm Minh Thắng) - một cảnh sát 30 tuổi cương trực - được cài vào lòng vùng đất “máu” để điều tra. Trong hành trình lần theo dấu vết tội phạm, Liêm gặp và yêu Lan (Vũ Ngọc Ánh) - một k...', 'Xem thêm']",,[],[],[]
Phụ nữ và phim Hàn Quốc (Đến từ sao Kim),"['T13', 'Phim tâm lý', 'Đây là một chương trình được thiết kế đặc biệt, không phải là cuộc tọa đàm có kịch bản và người dẫn, không có người hỏi rồi người kia trả lời. Mỗi chương trình trong “Đến từ sao Kim” là một cuộc trò chuyện, chia sẻ cởi mở của 4 người phụ nữ – sao Kim xinh đẹp, thông minh và thành đạt trong cuộc sống. Họ nói về vấn đề mình quan tâm, tò mò, muốn tìm hiểu và có người trong số đó đi thực tế tìm câu tr...', 'Xem thêm', 'Quốc gia:', 'Vietnam']",,[],[],['Vietnam']
Canh bóng thả (Bếp của mẹ),"['P', 'Phim tâm lý', 'Nhịp sống hối hả tại các đô thị lớn cùng với cường độ làm việc cao khiến các bữa cơm gia đình trở nên thưa vắng hơn. Những mâu thuẫn trong gia đình vì thế ngày càng có xu hướng gia tăng. Qua chương trình ""Bếp của mẹ"", bạn có thể sẽ tìm thấy câu chuyện của chính mình. Mỗi chương trình ""Bếp của mẹ"" là một tập phim được xây dựng từ những tình huống thường xảy ra trong cuộc sống hàng ngày của gia đình...', 'Xem thêm', 'Quốc gia:', 'Vietnam']",,[],[],['Vietnam']
Trước Thềm Năm Mới - New Year Blues,"['T13', 'Phim tâm lý', 'Phim Hàn Quốc', 'Phim Châu Á']",Trước Thềm Năm Mới - New Year Blues kể về câu chuyện của 4 cặp đôi với bốn hoàn cảnh khác nhau trong một tuần trước năm mới. Mỗi người đều có những khó khăn và nỗi lo sợ riêng nhưng tất cả đều có điểm chung là luôn hy vọng vào ngày mai và cố gắng học cách mở lòng để đón nhận những điều tốt đẹp.,"['Yoo Yeon-Seok', '', 'Yoo In Na']",['Ji-Yeong Hong'],['South Korea']
4K Bà Thánh Maria Mađalêna - Mary Magdalene,"['T13', 'Phim Âu Mỹ', 'Phim tâm lý', 'Bà Thánh Maria Mađalêna - Mary Magdalene là bộ phim tiểu sử về cuộc đời của Mary Magdalene, một trong những nhân vật quan trọng trong câu chuyện Kinh Thánh. Bộ phim kể về hành trình của cô từ một phụ nữ trẻ ở làng chài đến người theo chân và chứng kiến sứ mệnh của Chúa Jesus. Mary Magdalene được khắc họa như một người tìm kiếm sự thật và mục đích trong cuộc sống, bất chấp những định kiến xã hội. B...', 'Xem thêm', 'Diễn viên:', 'Rooney Mara', 'Đạo diễn:', 'Garth Davis', 'Quốc gia:', 'United States of America']",,['Rooney Mara'],['Garth Davis'],['United States of America']
Những Bức Tường/The walls,"['P', 'Phim tâm lý', 'Phim tài liệu do K+Original sản xuất về con đường sự nghiệp đầy vinh quang, nhưng cũng vô vàn chông gai và cả có cả mất mát của ban nhạc rock huyền thoại Bức Tường. Khán giả sẽ được lắng nghe những tâm sự xúc động của các thành viên trong ban nhạc, đặc biệt về sự ra đi của người thủ lĩnh Trần Lập.', 'Quốc gia:', 'Vietnam']",,[],[],['Vietnam']
4K Giáng Sinh Năm Ấy - Last Christmas,"['T13', 'Phim Âu Mỹ', 'Phim tâm lý', 'Giáng Sinh Năm Ấy - Last Christmas là một bộ phim lãng mạn hài xoay quanh Kate, một cô gái làm việc như yêu tinh tại cửa hàng Giáng sinh ở London. Với cuộc sống rối ren và những lựa chọn sai lầm, Kate dường như đã mất đi hy vọng. Tuy nhiên, mọi thứ thay đổi khi cô gặp Tom, một chàng trai bí ẩn với lối sống tích cực. Tom giúp Kate nhìn nhận cuộc sống khác đi và dần chữa lành tâm hồn cô. Bộ phim man...', 'Xem thêm', 'Diễn viên:', 'Emma Thompson', ',', 'Emilia Clarke', ',', 'Henry Golding', ',', 'Michelle Yeoh', 'Đạo diễn:', 'Paul Feig', 'Quốc gia:', 'United States of America']",,"['Emma Thompson', '', 'Emilia Clarke', '', 'Henry Golding', '', 'Michelle Yeoh']",['Paul Feig'],['United States of America']
Hotboy Nổi Loạn 2,"['Phim tâm lý', 'Phim Việt Nam']","Hotboy Nổi Loạn 2 kể về Lam quay trở lại Sài Gòn để tiếp tục làm trai ""đứng đường"" sau 4 năm tìm kiếm Khôi trong vô vọng. Tại đây, anh gặp lại Long , Long cũng từng làm trai bao và thầm yêu Lam. Tưởng rằng Lam đã chết, Long bỏ nghề nhưng không bỏ đi thứ tình cảm đơn phương của mình.",['La Quốc Hùng'],['Vũ Ngọc Đãng'],['Vietnam']
Tự Cẩm - Si Jin (Phát Song Song) - Tập 1,"['T13', 'Trailer', 'Phim phát song song', 'Phim Trung Quốc', 'Tự Cẩm - Si Jin kể về Khương Tự, tứ tiểu thư của phủ Bình Bá, sau khi bị hủy hôn, phải chịu đựng sự chèn ép và khó dễ từ người trong gia tộc. Tuy nhiên, cuộc đời nàng thay đổi khi gặp được “định mệnh” của mình, Úc Cẩn. Từ đó, nàng vô tình kích hoạt khả năng “tiên đoán” và sử dụng nó để đấu trí với các kẻ thù trong gia tộc, giúp đỡ các nhóm phụ nữ yếu thế, và cùng Úc Cẩn sát cánh bảo vệ hòa bình Đạ...', 'Xem thêm', 'Diễn viên:', 'Cảnh Điềm', ',', 'Trương Vãn Ý', 'Đạo diễn:', 'Vương Vi', 'Quốc gia:', ""People's Republic of China""]",,"['Cảnh Điềm', '', 'Trương Vãn Ý']",['Vương Vi'],"[""People's Republic of China""]"
Natra Ma Đồng Giáng Thế - Ne Zha,"['K', 'Anime', 'Phim Trung Quốc', 'Bộ phim Natra Ma Đồng Giáng Thế - Ne Zha thuộc thể loại hoạt hình 3D của trung quốc thuộc thể loại Tiên hiệp phiêu lưu được công chiếu vào năm 2019. Bộ phim do Giảo Tử nhận trách nhiệm đạo diễn, với hai đồng biên kịch là Dịch Xảo và Nguỵ Vân. Phim được sản xuất dựa vào nguyên tác Phong thần diễn nghĩa, nội dung xoay quanh nhân vật Na Tra và con trai của Đông hải long vương là Ngao Bính. Câu chuyện...', 'Xem thêm', 'Diễn viên:', 'Han Mo', ',', 'Joseph', ',', 'Lv Yan-Ting', 'Đạo diễn:', 'Jiao Zi', 'Quốc gia:', ""People's Republic of China""]",,"['Han Mo', '', 'Joseph', '', 'Lv Yan-Ting']",['Jiao Zi'],"[""People's Republic of China""]"
Thanh Xà Bạch Xà - The Sorcerer And The White Snake,"['T13', 'Phim Trung Quốc', 'Phim Cổ trang']","Thanh Xà Bạch Xà - The Sorcerer And The White Snake xoay quanh bối cảnh Trung Quốc cổ, nơi yêu tinh và ác quỷ có thể thâm nhập vào thế giới loài người mà không bị phát hiện. Pháp sư tài ba Pháp Hải đã cùng người đồ đệ vụng về Năng Nhẫn theo dấu một con quỷ dơi chuyên đi hút máu người. Hai thầy trò quyết tâm triệt hạ trước khi nó có thể tàn phá tại lễ hội đèn lồng sắp tới. Thật không may, Năng Nhẫn... Xem thêm","['Lý Liên Kiệt', '', 'Thái Trác Nghiên', '', 'Huỳnh Thánh Y', '', 'Lâm Phong']",['Trình Tiểu Đông'],"[""People's Republic of China""]"
Mỹ Nhân Ngư - Mei Ren Yu (Mermaid),"['T13', 'Hành động & Phiêu lưu', 'Phim Trung Quốc', 'Mỹ Nhân Ngư là màn debut đầy ấn tượng của nữ diễn viên trẻ Lâm Duẫn khi sánh vai cùng đàn anh Đặng Siêu. Phim kể về một nàng tiên cá trẻ, gầy guộc, mặt nhỏ, răng nhọn, mê gà quay, có giọng hát vỡ kính. Cô bé sống cùng tộc người cá ở vùng hồ ven biển Hong Kong. Vùng hồ này bị ô nhiễm sau nhiều năm con người đô thị hủy hoại môi trường. Một ngày, chủ tịch tập đoàn điển trai nhưng hám tiền của công ty...', 'Xem thêm', 'Diễn viên:', 'Chao Deng', ',', 'Kris WU Yifan', ',', 'Mei Zhange', ',', 'Shangzheng Li', ',', 'Yun Lin', ',', 'Yuqi Zhang', 'Đạo diễn:', 'STEPHEN CHOW', 'Quốc gia:', ""People's Republic of China""]",,"['Chao Deng', '', 'Kris WU Yifan', '', 'Mei Zhange', '', 'Shangzheng Li', '', 'Yun Lin', '', 'Yuqi Zhang']",['STEPHEN CHOW'],"[""People's Republic of China""]"
Tân Thần Điêu Đại Hiệp - The Return of the Condor Heroes - Tập 1,"['T13', 'Phim Trung Quốc', 'Phim Bộ', 'Tân Thần Điêu Đại Hiệp - The Return of the Condor Heroes được chuyển thể từ cuốn tiểu thuyết của Kim Dung, là câu chuyện tiếp theo của Anh Hùng Xạ Điêu, xoay quanh câu chuyện tình đẹp và cảm động giữa 2 Sư đồ Tiểu Long Nữ và Dương Quá. Một lần tình cờ, Dương Quá xông vào khu mộ cổ, nơi có nàng Tiểu Long Nữ xinh đẹp tuyệt trần làm Chưởng môn phái Cố Mộ. Sau đó, Dương Qua đã bái Tiểu Long Nữ làm sư ...', 'Xem thêm', 'Diễn viên:', 'Huỳnh Hiểu Minh', ',', 'Lưu Diệc Phi', 'Đạo diễn:', 'Vu Mẫn', 'Quốc gia:', ""People's Republic of China""]",,"['Huỳnh Hiểu Minh', '', 'Lưu Diệc Phi']",['Vu Mẫn'],"[""People's Republic of China""]"
Anh Hùng Xạ Điêu (2003) - The Legend of Condor Heroes - Tập 1,"['T16', 'Phim Trung Quốc', 'Phim Bộ', 'Anh Hùng Xạ Điêu (2003) - The Legend of Condor Heroes xoay quanh câu chuyện của hai nhà họ Dương và Quách vốn có mối quan hệ thân thiết với nhau. Những mối quan hệ này được nối tiếp nhau, đẩy nội dung phim lên đến cao trào và vỡ òa bằng những cung bậc cảm xúc khác nhau: có yêu, có hận, có tiếc thương.', 'Diễn viên:', 'Châu Tấn', ',', 'Châu Kiệt', ',', 'Lý Á Bằng', 'Đạo diễn:', 'Trương Kỷ Trung', 'Quốc gia:', ""People's Republic of China""]",,"['Châu Tấn', '', 'Châu Kiệt', '', 'Lý Á Bằng']",['Trương Kỷ Trung'],"[""People's Republic of China""]"
Tru Tiên Thanh Vân Chí (Phần 2) - Noble Aspirations: Season 2 - Tập 1,"['T13', 'Phim Trung Quốc', 'Phim Bộ', 'Tru Tiên Thanh Vân Chí 2 - Noble Aspirations: Season 2 Nối tiếp phần 1, sau cái chết của Bích Dao, Tử Phàm nhập ma giáo, đi tìm phương pháp cứu sống lại Bích Dao. Điều khiến người xem tò mò là liệu Tru Tiên 2 sẽ có thay đổi gì so với truyện. Liệu Tử Phàm có cứu được Bích Dao hay Bích Dao sẽ vĩnh viễn ngủ theo như trong truyện? Liệu Tử Phàm và Lục Tuyết Kỳ có đến với nhau theo như trong truyện hay ...', 'Xem thêm', 'Diễn viên:', 'Triệu Lệ Dĩnh', ',', 'Lý Dịch Phong', ',', 'Tần Tuấn Kiệt', ',', 'Đường Nghệ Hân', ',', 'Nhậm Gia Luân', ',', 'Thành Nghị', ',', 'Mao Tử Tuấn', ',', 'Lưu Học Nghĩa', ',', 'Vương Tuấn Khải', ',', 'Dịch Dương Thiên Tỷ', ',', 'Dương Tử', 'Đạo diễn:', 'Lưu Quốc Huy', 'Quốc gia:', ""People's Republic of China""]",,"['Triệu Lệ Dĩnh', '', 'Lý Dịch Phong', '', 'Tần Tuấn Kiệt', '', 'Đường Nghệ Hân', '', 'Nhậm Gia Luân', '', 'Thành Nghị', '', 'Mao Tử Tuấn', '', 'Lưu Học Nghĩa', '', 'Vương Tuấn Khải', '', 'Dịch Dương Thiên Tỷ', '', 'Dương Tử']",['Lưu Quốc Huy'],"[""People's Republic of China""]"
Cửu Châu Phiêu Miểu Lục - Novoland: Eagle Flag - Tập 1,"['T13', 'Phim Trung Quốc', 'Phim Bộ', 'Cửu Châu Phiêu Miểu Lục - Novoland: Eagle Flag là một bộ phim kiếm hiệp cổ trang lấy bối cảnh là thế giới cửu châu, kể về mối quan hệ rất phức tạp giữa chàng trai trẻ sở hữu khả năng phi thường Lã Quy Trần, cậu thanh niên có xuất thân quý tộc Cơ Dã và cô nàng xinh đẹp Vũ Nhiên. Quy Trần từ nhỏ đã cho thấy tố chất thông minh, và được lớn lên trên thảo nguyên nhưng ít ai biết rằng anh ta chính là hậ...', 'Xem thêm', 'Diễn viên:', 'Giang Sơ Ảnh', ',', 'Trương Gia Dịch', ',', 'Vương Âu', ',', 'Lưu Hạo Nhiên', ',', 'Tống Tổ Nhi', ',', 'Trần Hạo Vũ', ',', 'Trần Nhược Hiên', 'Đạo diễn:', 'Trương Hiểu Ba', 'Quốc gia:', ""People's Republic of China""]",,"['Giang Sơ Ảnh', '', 'Trương Gia Dịch', '', 'Vương Âu', '', 'Lưu Hạo Nhiên', '', 'Tống Tổ Nhi', '', 'Trần Hạo Vũ', '', 'Trần Nhược Hiên']",['Trương Hiểu Ba'],"[""People's Republic of China""]"
Vô Tình Nhặt Được Tổng Tài - Please Feel At Ease Mr Ling - Tập 1,"['T13', 'Phim Trung Quốc', 'Phim Bộ', 'Phim Vô Tình Nhặt Được Tổng Tài - Please Feel At Ease Mr. Ling dựa trên cuốn tiểu thuyết cùng tên của tác giả Thuần Phong. Phim xoay quanh Cố An Tâm (Triệu Lộ Tư thủ vai) cô nàng shipper vụng về và hết sức bình thường nhưng vô tình đụng trúng Lăng Việt (Lưu Đặc đảm nhận), một tổng tài soái ca và đồng thời là người thừa kế tập đoàn của Hotshot. Sau khi xảy ra tai nạn, Lăng Việt mắc chứng “hoang tưở...', 'Xem thêm', 'Diễn viên:', 'Triệu Lộ Tư', ',', 'Lưu Đặc', ',', 'Lý Mộc Thần', ',', 'Châu Tuấn Vỹ', 'Đạo diễn:', 'Chung Thanh', 'Quốc gia:', ""People's Republic of China""]",,"['Triệu Lộ Tư', '', 'Lưu Đặc', '', 'Lý Mộc Thần', '', 'Châu Tuấn Vỹ']",['Chung Thanh'],"[""People's Republic of China""]"
Tru Tiên Thanh Vân Chí - Noble Aspirations - Tập 1,"['T13', 'Phim Trung Quốc', 'Phim Bộ', 'Tru Tiên Thanh Vân Chí - Noble Aspirations là bộ phim truyền hình chuyển thể từ bộ tiểu thuyết tiên hiệp nổi tiếng Tru Tiên của nhà văn Tiêu Đỉnh. cậu bé Trương Tiểu Phàm xuất thân từ Thảo Miếu thôn, vì cứu giúp Phổ Trí thần tăng của Thiên Âm tự mà toàn thôn gặp họa diệt vong. Trương Tiểu Phàm mồ côi cùng người bạn Lâm Kinh Vũ đầu nhập Thanh Vân môn. Lâm Kinh Vũ thuộc Long Thủ phong do Thương Tùng...', 'Xem thêm', 'Diễn viên:', 'Triệu Lệ Dĩnh', ',', 'Lý Dịch Phong', ',', 'Tần Tuấn Kiệt', ',', 'Đường Nghệ Hân', ',', 'Nhậm Gia Luân', ',', 'Thành Nghị', ',', 'Mao Tử Tuấn', ',', 'Lưu Học Nghĩa', ',', 'Vương Tuấn Khải', ',', 'Dịch Dương Thiên Tỷ', ',', 'Dương Tử', 'Đạo diễn:', 'Lưu Quốc Huy', 'Quốc gia:', ""People's Republic of China""]",,"['Triệu Lệ Dĩnh', '', 'Lý Dịch Phong', '', 'Tần Tuấn Kiệt', '', 'Đường Nghệ Hân', '', 'Nhậm Gia Luân', '', 'Thành Nghị', '', 'Mao Tử Tuấn', '', 'Lưu Học Nghĩa', '', 'Vương Tuấn Khải', '', 'Dịch Dương Thiên Tỷ', '', 'Dương Tử']",['Lưu Quốc Huy'],"[""People's Republic of China""]"
Ban Thục Truyền Kỳ - Ban Shu Legend - Tập 1,"['T13', 'Phim Trung Quốc', 'Phim Bộ', '“Ban Thục Truyền Kỳ” được xem là tác phẩm chị em của “Lục Trinh truyền kỳ”, kể về hành trình của cô gái mồ côi Ban Thục đi tìm lại tổ tiên. Cô nhập cung, trải qua nhiều khó khăn thử thách, cuối cùng cũng trở thành nữ phó nội học đường thời Đông Hán. Đây là bộ fim truyền hình đầu tiên mà Cảnh Điềm đóng vai chính, ngoài ra bộ fim còn quy tụ dàn diễn viên trẻ đẹp, nổi tiếng.', 'Diễn viên:', 'Địch Lệ Nhiệt Ba', ',', 'Trương Tuyết Nghênh', ',', 'Trương Hinh Dư', ',', 'Cảnh Điềm', ',', 'Trương Triết Hạn', 'Đạo diễn:', 'Vu Chính', 'Quốc gia:', ""People's Republic of China""]",,"['Địch Lệ Nhiệt Ba', '', 'Trương Tuyết Nghênh', '', 'Trương Hinh Dư', '', 'Cảnh Điềm', '', 'Trương Triết Hạn']",['Vu Chính'],"[""People's Republic of China""]"
Bạch Nguyệt Phạn Tinh - Moonlight Mystique (Phát Song Song) - Tập 1,"['T13', 'Trailer', 'Phim phát song song', 'Phim Trung Quốc', 'Bạch Nguyệt Phạn Tinh - Moonlight Mystique kể về Bạch Thạc, con gái út của Phủ Tướng quân, trên hành trình tu luyện trường sinh bất lão để đền ơn, cô tình cờ cứu được thần quỷ quyền năng Phạm Nguyệt. Từ những toan tính ban đầu, mối quan hệ của họ dần chuyển thành tình yêu sâu đậm, vượt qua mọi thử thách và giới hạn để tìm thấy hạnh phúc bên nhau.', 'Diễn viên:', 'Bạch Lộc', ',', 'Thường Hoa Sâm', ',', 'Ngao Thụy Bằng', 'Đạo diễn:', 'TBD', 'Quốc gia:', ""People's Republic of China""]",,"['Bạch Lộc', '', 'Thường Hoa Sâm', '', 'Ngao Thụy Bằng']",['TBD'],"[""People's Republic of China""]"
Thiên Đóa Đào Hoa Nhất Thế Khai - The Blossoming Love - Tập 1,"['T13', 'Trailer', 'Phim phát song song', 'Phim Trung Quốc', 'Thiên Đóa Đào Hoa Nhất Thế Khai - The Blossoming Love Câu chuyện kể về Nhân Hoàng Chiêu Minh (Trương Bân Bân) hy sinh vì dân chống lại Thần giới, để lại một sợi hồn được Hỗn Độn Châu (Tôn Trân Ny) cứu và tạo ra luân hồi vạn thế. Trải qua nhiều kiếp, Chiêu Minh thành minh chủ Tiên Minh - Tạ Tuyết Thần, còn Hỗn Độn Châu trở thành thánh nữ Ám Vực - Mộ Huyền Linh. Họ gặp lại, quên đi quá khứ, từ đối đ...', 'Xem thêm', 'Diễn viên:', 'Trương Bân Bân', ',', 'Tôn Trân Ni', 'Đạo diễn:', 'TBD', 'Quốc gia:', ""People's Republic of China""]",,"['Trương Bân Bân', '', 'Tôn Trân Ni']",['TBD'],"[""People's Republic of China""]"
Đại Tần Phú - Qin Dynasty Epic - Tập 1,"['T16', 'Phim Trung Quốc', 'Phim Bộ', 'Phần phim thứ 4 trong serie Đại Tần Đế quốc. Lúc này là những năm cuối thời kỳ Chiến Quốc, bằng các chính sách ngoại giao Tống Cung Đế đã thỏa thuận với 5 quốc gia còn lại để tránh chiến tranh. Tuy nhiên, Nhà Tần bị quân Mông Cổ xâm lược, Tống Cung Đế bị Khả Hãn Hốt Tất Liệt bắt làm con tin, đưa về Tây Tạng và giáng xuống làm Doanh Quốc Công. Không chịu được nhục nhã, Doanh Quốc Công qua đời năm 1...', 'Xem thêm', 'Diễn viên:', 'Trương Học Hữu', ',', 'Lý Thấm', ',', 'Triệu Hàn', ',', 'Vương Đào', 'Đạo diễn:', 'Nguyễn Dương', 'Quốc gia:', ""People's Republic of China""]",,"['Trương Học Hữu', '', 'Lý Thấm', '', 'Triệu Hàn', '', 'Vương Đào']",['Nguyễn Dương'],"[""People's Republic of China""]"
Kẹo Sữa Số 23 - Tập 1,"['P', 'Phim hoạt hình', 'Phim Trung Quốc', 'Phim Bộ', 'Kẹo Sữa có số thứ tự 23, cũng thường xuyên xếp thứ 23 trong các kì thi, tuy không có thành tích nổi bật nhưng Kẹo Sữa đã mang đến cho bố mẹ, giáo viên và các bạn sự chân thành, ấm áp và tốt bụng. Xung quanh Kẹo Sữa có những người bạn với nhiều tính cách khác nhau và thành tích học tập không đồng đều. Trong thế giới của trẻ em, mặc dù có những mâu thuẫn, tranh chấp nhưng qua đó các em sẽ thấy được ...', 'Xem thêm']",,[],[],[]
Nhất Niệm Quan Sơn - A Journey to Love - Tập 1,"['T13', 'Phim Trung Quốc', 'Phim Bộ', 'Nhậm Tân bị tống vào ngục vì bị nghi ngờ giết hoàng hậu. Sau đó, cô giả chết và trốn đến Ngô quốc. Cô đổi tên thành Nhậm Như Ý và trở thành Bạch Tước ở một phân bộ của Chu Y Vệ. Khi nội lực hồi phục, cô tìm cách để điều tra thủ phạm đã hãm hại Hoàng hậu Chiêu Tiết.', 'Diễn viên:', 'Lưu Thi Thi', ',', 'Phương Dật Luân', ',', 'Lưu Vũ Ninh', 'Đạo diễn:', 'Chu Tĩnh Thao', ',', 'Trâu Hi', 'Quốc gia:', ""People's Republic of China""]",,"['Lưu Thi Thi', '', 'Phương Dật Luân', '', 'Lưu Vũ Ninh']","['Chu Tĩnh Thao', '', 'Trâu Hi']","[""People's Republic of China""]"
Đường Tới Chân Trời - Here Comes Fortune Star - Tập 1,"['T16', 'Phim Trung Quốc', 'Phim Bộ', 'Đường Tới Chân Trời - Here Comes Fortune Star kể về Xia sau tiếp quản khách sạn của cha, cô phải đối mặt với sự khủng hoảng chưa từng có do sự suy thoái kinh tế. Người duy nhất có thể cứu cô là một người bí ẩn. Người bí ẩn có lẽ đã được gửi xuống trái đất để giúp đỡ cô và mọi người, hoàn thành sứ mệnh trong quá khứ ngay cả khi sự việc đã bị lãng quên. Điều đó ẩn chứa một sự tiếc nuối sâu sắc trong...', 'Xem thêm', 'Diễn viên:', 'Darren Wang', ',', 'Cindy Lien', ',', 'Esther Liu', 'Quốc gia:', ""People's Republic of China""]",,"['Darren Wang', '', 'Cindy Lien', '', 'Esther Liu']",[],"[""People's Republic of China""]"
Đa Tình Giang Sơn - Royal Romance - Tập 1,"['T16', 'Phim Trung Quốc', 'Phim Bộ', 'Đa Tình Giang Sơn - Royal Romance kể về chuyện tình của Hoàng đế Thuận Trị và cô gái xinh đẹp Đổng Giai Thị đến từ Giang Nam phồn hoa. Vì yêu nàng, Hoàng đế bỏ qua mọi quy tắc nơi cung cấm, bỏ qua xuất thân là người Hán, đưa nàng trở thành vị Hoàng Qúy phi đầu tiên trong lịch sử nhà Thanh.', 'Diễn viên:', 'Viên Vịnh Nghi', ',', 'Cao Vân Tường', 'Quốc gia:', ""People's Republic of China""]",,"['Viên Vịnh Nghi', '', 'Cao Vân Tường']",[],"[""People's Republic of China""]"
Một Cuộc Tấn Công - Piggy’s Counter Attack - Tập 1,"['T13', 'Phim Trung Quốc', 'Phim Bộ', 'Một Cuộc Tấn Công - Piggy’s Counter Attack kể về Một người cha giàu có, người đã xây dựng tài sản của mình từ con số không, đã bị phá sản chỉ sau một đêm khi các khoản đầu tư của ông thất bại. , còn Xiao-nuo buộc phải rời khỏi thế giới ảo của mình. Xiao-tong thậm chí còn bị sốc nặng nề hơn. Họ thất bại trước khi tham vọng được thực hiện! Đối với họ, điều đó giống như từ thiên đường rơi xuống địa n...', 'Xem thêm', 'Diễn viên:', 'Megan Lai', ',', 'Kingone Wang', ',', 'Mandy Wei', ',', 'Melvin Sia', 'Đạo diễn:', 'Hong Sang Soo', 'Quốc gia:', ""People's Republic of China""]",,"['Megan Lai', '', 'Kingone Wang', '', 'Mandy Wei', '', 'Melvin Sia']",['Hong Sang Soo'],"[""People's Republic of China""]"
Cô Gái Bé Nhỏ - Luo Que - Tập 1,"['T13', 'Phim Trung Quốc', 'Phim Bộ', 'Cô Gái Bé Nhỏ kể về Luo mồ côi cha từ nhỏ. Một mình mẹ nuôi cô khôn lớn. Mẹ cô bị bệnh hiểm nghèo và qua đời. Một mình bơ vơ giữa dòng đời đã biến nỗi đau trong cô thành sức mạnh. Cô quyết định trở thành bác sĩ để giúp đỡ mọi người, đặc biệt là những người yếu thế trong xã hội.', 'Diễn viên:', 'JASON WANG', ',', 'Rachel Liang', 'Quốc gia:', ""People's Republic of China""]",,"['JASON WANG', '', 'Rachel Liang']",[],"[""People's Republic of China""]"
Lưu Bá Ôn - Foresighted Liu Bo Wen - Tập 1,"['T16', 'Phim Trung Quốc', 'Phim Bộ', 'Lưu Bá Ôn - Foresighted Liu Bo Wen kể vê cuộc đời của Lưu Bá Ôn - công thần khai quốc nhà Minh trong lịch sử Trung Hoa.Ông là một trong những nhân vật có nhiều huyền thoại, là người đã đề cao tư tưởng ""Quan bức, dân phản"", đồng thời là tác giả tản văn ""Mại cam giả ngôn"" nổi tiếng nhằm đả kích giới ""thống trị thối nát""', 'Diễn viên:', 'Vu Chấn', ',', 'Hà Băng', 'Đạo diễn:', 'Hàn Cương', 'Quốc gia:', ""People's Republic of China""]",,"['Vu Chấn', '', 'Hà Băng']",['Hàn Cương'],"[""People's Republic of China""]"
"Thương Sinh Đại Y - Half For The People, Half For Beauties - Tập 1","['T13', 'Phim Trung Quốc', 'Phim Bộ', 'Thương Sinh Đại Y - Half For The People, Half For Beauties kể về cuộc đời của vị danh y trong lịch sử Hoa Đà, người nổi tiếng với các ca phẫu thuật cũng như việc sử dụng thuốc gây mê. Khi đang trau dồi kỹ năng của mình với tư cách là một đại phu, ông tình cờ gặp một trường hợp người bệnh đặc biệt. Kể từ đó, ông bắt đầu hành trình tìm kiếm thảo dược gây mê. Trên đường đi, ông gặp những người như Qu...', 'Xem thêm', 'Diễn viên:', 'Hà Thịnh Minh', ',', 'Lý Y Hiệu', ',', 'Chu Hiểu Ngư', 'Đạo diễn:', 'Đoan Dương']",,"['Hà Thịnh Minh', '', 'Lý Y Hiệu', '', 'Chu Hiểu Ngư']",['Đoan Dương'],[]
Lan Lăng Vương - Prince Of LanLing - Tập 1,"['T16', 'Phim Trung Quốc', 'Phim Bộ', 'Phim Cổ trang', 'Lan Lăng Vương - Prince of LanLing kể về cuộc đời của chiến thần Lan Lăng Vương – Cao Trường Cung. Được mệnh danh là Chiến thần bách chiến bách thắng, Lan Lăng Vương luôn đeo một chiếc mặt nạ đáng sợ để che giấu khuôn mặt mình trong khi chỉ huy quân đội. Lan Lăng Vương Cao Trường Cung là một đại tướng quân lừng lẫy của Bắc Tề. Dương Tuyết Vũ, hậu nhân cuối cùng của Vu tộc, vô tình bị cuốn vào cuộc...', 'Xem thêm', 'Diễn viên:', 'Phùng Thiệu Phong', ',', 'Lâm Y Thần', 'Đạo diễn:', 'Chung Chú Giai', 'Quốc gia:', ""People's Republic of China""]",,"['Phùng Thiệu Phong', '', 'Lâm Y Thần']",['Chung Chú Giai'],"[""People's Republic of China""]"
Cửa Hàng Tạp Hóa - Yong Jiu Grocery Store - Tập 1,"['T13', 'Phim Trung Quốc', 'Phim Bộ', 'Cửa Hàng Tạp Hóa kể về Dương Tuấn Long 30 là người trẻ nhất quản lý bộ phận phát triển của một công ty bất động sản có tiếng. Tuy nhiên, khi nhìn thấy đàn anh của mình dành toàn bộ thời gian cho công việc và hy sinh gia đình, người yêu và bạn bè, anh ấy lo lắng rằng tương lai của mình cũng sẽ như vậy và anh cho rằng điều đó không mang lại hạnh phúc. Bệnh tật khiến anh nhận ra giá trị của cửa hàng ...', 'Xem thêm', 'Diễn viên:', 'Long Thiệu Hoa', ',', 'Trương Hiên Duệ', 'Quốc gia:', ""People's Republic of China""]",,"['Long Thiệu Hoa', '', 'Trương Hiên Duệ']",[],"[""People's Republic of China""]"
